method,agents,freq,makespan,swt,runtime_s,ms_gap%,swt_gap%,rt_gap%,source,compare_against
CENTRAL-ECBS,10,0.2,2516,14887,3.3,-,-,-,original,CENTRAL-ECBS
CENTRAL-ECBS,10,0.2,2515,14068,90.6,-0.0%,-5.5%,+2645.3%,reimplementation,CENTRAL-ECBS
CENTRAL-ECBS,10,0.5,1230,54856,3.5,-,-,-,original,CENTRAL-ECBS
CENTRAL-ECBS,10,0.5,1269,60397,515.0,+3.2%,+10.1%,+14613.5%,reimplementation,CENTRAL-ECBS
CENTRAL-ECBS,10,1,1155,142875,4.6,-,-,-,original,CENTRAL-ECBS
CENTRAL-ECBS,10,1,1166,147208,487.4,+1.0%,+3.0%,+10496.0%,reimplementation,CENTRAL-ECBS
CENTRAL-ECBS,10,2,1129,194109,4.6,-,-,-,original,CENTRAL-ECBS
CENTRAL-ECBS,10,2,1178,208426,513.7,+4.3%,+7.4%,+11066.8%,reimplementation,CENTRAL-ECBS
CENTRAL-ECBS,10,5,1117,227584,4.6,-,-,-,original,CENTRAL-ECBS
CENTRAL-ECBS,10,5,1148,235782,396.0,+2.8%,+3.6%,+8509.4%,reimplementation,CENTRAL-ECBS
CENTRAL-ECBS,10,10,1130,239088,4.8,-,-,-,original,CENTRAL-ECBS
CENTRAL-ECBS,10,10,1142,247275,447.5,+1.1%,+3.4%,+9223.6%,reimplementation,CENTRAL-ECBS
CENTRAL-ECBS,10,500,1101,250555,3.8,-,-,-,original,CENTRAL-ECBS
CENTRAL-ECBS,10,500,1111,253386,415.8,+0.9%,+1.1%,+10842.8%,reimplementation,CENTRAL-ECBS
CENTRAL-ECBS,20,0.2,2515,13350,12.5,-,-,-,original,CENTRAL-ECBS
CENTRAL-ECBS,20,0.2,2515,12765,9.6,+0.0%,-4.4%,-23.2%,reimplementation,CENTRAL-ECBS
CENTRAL-ECBS,20,0.5,1034,13996,11.5,-,-,-,original,CENTRAL-ECBS
CENTRAL-ECBS,20,0.5,1037,15248,51.0,+0.3%,+8.9%,+343.5%,reimplementation,CENTRAL-ECBS
CENTRAL-ECBS,20,1,661,37566,9.9,-,-,-,original,CENTRAL-ECBS
CENTRAL-ECBS,20,1,724,45774,52.1,+9.5%,+21.8%,+426.3%,reimplementation,CENTRAL-ECBS
CENTRAL-ECBS,20,2,613,81001,13.2,-,-,-,original,CENTRAL-ECBS
CENTRAL-ECBS,20,2,651,87116,22.5,+6.2%,+7.5%,+70.5%,reimplementation,CENTRAL-ECBS
CENTRAL-ECBS,20,5,603,114776,9.3,-,-,-,original,CENTRAL-ECBS
CENTRAL-ECBS,20,5,638,120437,29.1,+5.8%,+4.9%,+212.9%,reimplementation,CENTRAL-ECBS
CENTRAL-ECBS,20,10,589,121091,8.1,-,-,-,original,CENTRAL-ECBS
CENTRAL-ECBS,20,10,654,131511,48.2,+11.0%,+8.6%,+495.1%,reimplementation,CENTRAL-ECBS
CENTRAL-ECBS,20,500,580,131779,6.5,-,-,-,original,CENTRAL-ECBS
CENTRAL-ECBS,20,500,640,138612,32.5,+10.3%,+5.2%,+400.0%,reimplementation,CENTRAL-ECBS
CENTRAL-ECBS,30,0.2,2520,12780,31.6,-,-,-,original,CENTRAL-ECBS
CENTRAL-ECBS,30,0.2,2516,11931,4.5,-0.2%,-6.6%,-85.8%,reimplementation,CENTRAL-ECBS
CENTRAL-ECBS,30,0.5,1034,13117,27.8,-,-,-,original,CENTRAL-ECBS
CENTRAL-ECBS,30,0.5,1034,13324,33.8,+0.0%,+1.6%,+21.6%,reimplementation,CENTRAL-ECBS
CENTRAL-ECBS,30,1,553,15705,14.3,-,-,-,original,CENTRAL-ECBS
CENTRAL-ECBS,30,1,562,20640,78.5,+1.6%,+31.4%,+449.0%,reimplementation,CENTRAL-ECBS
CENTRAL-ECBS,30,2,449,42945,15.7,-,-,-,original,CENTRAL-ECBS
CENTRAL-ECBS,30,2,496,51389,40.7,+10.5%,+19.7%,+159.2%,reimplementation,CENTRAL-ECBS
CENTRAL-ECBS,30,5,424,73880,14.0,-,-,-,original,CENTRAL-ECBS
CENTRAL-ECBS,30,5,482,83165,69.9,+13.7%,+12.6%,+399.3%,reimplementation,CENTRAL-ECBS
CENTRAL-ECBS,30,10,422,82565,12.1,-,-,-,original,CENTRAL-ECBS
CENTRAL-ECBS,30,10,451,92756,51.2,+6.9%,+12.3%,+323.1%,reimplementation,CENTRAL-ECBS
CENTRAL-ECBS,30,500,419,93657,190.6,-,-,-,original,CENTRAL-ECBS
CENTRAL-ECBS,30,500,440,97923,55.0,+5.0%,+4.6%,-71.1%,reimplementation,CENTRAL-ECBS
CENTRAL-ECBS,40,0.2,2524,12731,59.6,-,-,-,original,CENTRAL-ECBS
CENTRAL-ECBS,40,0.2,2515,11695,5.2,-0.4%,-8.1%,-91.3%,reimplementation,CENTRAL-ECBS
CENTRAL-ECBS,40,0.5,1032,12698,54.8,-,-,-,original,CENTRAL-ECBS
CENTRAL-ECBS,40,0.5,1035,12753,24.5,+0.3%,+0.4%,-55.3%,reimplementation,CENTRAL-ECBS
CENTRAL-ECBS,40,1,555,14169,35.8,-,-,-,original,CENTRAL-ECBS
CENTRAL-ECBS,40,1,559,15221,91.3,+0.7%,+7.4%,+155.0%,reimplementation,CENTRAL-ECBS
CENTRAL-ECBS,40,2,366,28769,22.4,-,-,-,original,CENTRAL-ECBS
CENTRAL-ECBS,40,2,412,34067,118.9,+12.6%,+18.4%,+430.8%,reimplementation,CENTRAL-ECBS
CENTRAL-ECBS,40,5,332,54143,18.0,-,-,-,original,CENTRAL-ECBS
CENTRAL-ECBS,40,5,384,59906,16571.5,+15.7%,+10.6%,+91963.9%,reimplementation,CENTRAL-ECBS
CENTRAL-ECBS,40,10,344,64197,18.4,-,-,-,original,CENTRAL-ECBS
CENTRAL-ECBS,40,10,377,70969,14294.9,+9.6%,+10.5%,+77589.7%,reimplementation,CENTRAL-ECBS
CENTRAL-ECBS,40,500,334,74470,32.4,-,-,-,original,CENTRAL-ECBS
CENTRAL-ECBS,40,500,357,79157,71.5,+6.9%,+6.3%,+120.7%,reimplementation,CENTRAL-ECBS
CENTRAL-ECBS,50,0.2,2524,12528,115.7,-,-,-,original,CENTRAL-ECBS
CENTRAL-ECBS,50,0.2,2515,11481,391.6,-0.4%,-8.4%,+238.5%,reimplementation,CENTRAL-ECBS
CENTRAL-ECBS,50,0.5,1035,12471,111.7,-,-,-,original,CENTRAL-ECBS
CENTRAL-ECBS,50,0.5,N/A,N/A,N/A,-,-,-,reimplementation,CENTRAL-ECBS
CENTRAL-ECBS,50,1,553,13692,69.2,-,-,-,original,CENTRAL-ECBS
CENTRAL-ECBS,50,1,N/A,N/A,N/A,-,-,-,reimplementation,CENTRAL-ECBS
CENTRAL-ECBS,50,2,335,20718,30.5,-,-,-,original,CENTRAL-ECBS
CENTRAL-ECBS,50,2,N/A,N/A,N/A,-,-,-,reimplementation,CENTRAL-ECBS
CENTRAL-ECBS,50,5,313,43452,32.7,-,-,-,original,CENTRAL-ECBS
CENTRAL-ECBS,50,5,N/A,N/A,N/A,-,-,-,reimplementation,CENTRAL-ECBS
CENTRAL-ECBS,50,10,304,53351,91.8,-,-,-,original,CENTRAL-ECBS
CENTRAL-ECBS,50,10,N/A,N/A,N/A,-,-,-,reimplementation,CENTRAL-ECBS
CENTRAL-ECBS,50,500,273,62172,27.0,-,-,-,original,CENTRAL-ECBS
CENTRAL-ECBS,50,500,N/A,N/A,N/A,-,-,-,reimplementation,CENTRAL-ECBS
CENTRAL-ECBS-SIPP,10,0.2,2516,14887,3.3,-,-,-,original,CENTRAL-ECBS
CENTRAL-ECBS-SIPP,10,0.2,2515,14068,79.0,-0.0%,-5.5%,+2292.8%,reimplementation,CENTRAL-ECBS
CENTRAL-ECBS-SIPP,10,0.5,1230,54856,3.5,-,-,-,original,CENTRAL-ECBS
CENTRAL-ECBS-SIPP,10,0.5,1269,60397,439.3,+3.2%,+10.1%,+12450.6%,reimplementation,CENTRAL-ECBS
CENTRAL-ECBS-SIPP,10,1,1155,142875,4.6,-,-,-,original,CENTRAL-ECBS
CENTRAL-ECBS-SIPP,10,1,1166,147208,393.2,+1.0%,+3.0%,+8447.2%,reimplementation,CENTRAL-ECBS
CENTRAL-ECBS-SIPP,10,2,1129,194109,4.6,-,-,-,original,CENTRAL-ECBS
CENTRAL-ECBS-SIPP,10,2,1178,208426,416.0,+4.3%,+7.4%,+8944.4%,reimplementation,CENTRAL-ECBS
CENTRAL-ECBS-SIPP,10,5,1117,227584,4.6,-,-,-,original,CENTRAL-ECBS
CENTRAL-ECBS-SIPP,10,5,1148,235782,315.2,+2.8%,+3.6%,+6751.5%,reimplementation,CENTRAL-ECBS
CENTRAL-ECBS-SIPP,10,10,1130,239088,4.8,-,-,-,original,CENTRAL-ECBS
CENTRAL-ECBS-SIPP,10,10,1142,247275,373.4,+1.1%,+3.4%,+7679.2%,reimplementation,CENTRAL-ECBS
CENTRAL-ECBS-SIPP,10,500,1101,250555,3.8,-,-,-,original,CENTRAL-ECBS
CENTRAL-ECBS-SIPP,10,500,1111,253386,368.0,+0.9%,+1.1%,+9585.4%,reimplementation,CENTRAL-ECBS
CENTRAL-ECBS-SIPP,20,0.2,2515,13350,12.5,-,-,-,original,CENTRAL-ECBS
CENTRAL-ECBS-SIPP,20,0.2,,,,,,,not_implemented,CENTRAL-ECBS
CENTRAL-ECBS-SIPP,20,0.5,1034,13996,11.5,-,-,-,original,CENTRAL-ECBS
CENTRAL-ECBS-SIPP,20,0.5,,,,,,,not_implemented,CENTRAL-ECBS
CENTRAL-ECBS-SIPP,20,1,661,37566,9.9,-,-,-,original,CENTRAL-ECBS
CENTRAL-ECBS-SIPP,20,1,,,,,,,not_implemented,CENTRAL-ECBS
CENTRAL-ECBS-SIPP,20,2,613,81001,13.2,-,-,-,original,CENTRAL-ECBS
CENTRAL-ECBS-SIPP,20,2,,,,,,,not_implemented,CENTRAL-ECBS
CENTRAL-ECBS-SIPP,20,5,603,114776,9.3,-,-,-,original,CENTRAL-ECBS
CENTRAL-ECBS-SIPP,20,5,,,,,,,not_implemented,CENTRAL-ECBS
CENTRAL-ECBS-SIPP,20,10,589,121091,8.1,-,-,-,original,CENTRAL-ECBS
CENTRAL-ECBS-SIPP,20,10,,,,,,,not_implemented,CENTRAL-ECBS
CENTRAL-ECBS-SIPP,20,500,580,131779,6.5,-,-,-,original,CENTRAL-ECBS
CENTRAL-ECBS-SIPP,20,500,,,,,,,not_implemented,CENTRAL-ECBS
CENTRAL-ECBS-SIPP,30,0.2,2520,12780,31.6,-,-,-,original,CENTRAL-ECBS
CENTRAL-ECBS-SIPP,30,0.2,,,,,,,not_implemented,CENTRAL-ECBS
CENTRAL-ECBS-SIPP,30,0.5,1034,13117,27.8,-,-,-,original,CENTRAL-ECBS
CENTRAL-ECBS-SIPP,30,0.5,,,,,,,not_implemented,CENTRAL-ECBS
CENTRAL-ECBS-SIPP,30,1,553,15705,14.3,-,-,-,original,CENTRAL-ECBS
CENTRAL-ECBS-SIPP,30,1,,,,,,,not_implemented,CENTRAL-ECBS
CENTRAL-ECBS-SIPP,30,2,449,42945,15.7,-,-,-,original,CENTRAL-ECBS
CENTRAL-ECBS-SIPP,30,2,,,,,,,not_implemented,CENTRAL-ECBS
CENTRAL-ECBS-SIPP,30,5,424,73880,14.0,-,-,-,original,CENTRAL-ECBS
CENTRAL-ECBS-SIPP,30,5,,,,,,,not_implemented,CENTRAL-ECBS
CENTRAL-ECBS-SIPP,30,10,422,82565,12.1,-,-,-,original,CENTRAL-ECBS
CENTRAL-ECBS-SIPP,30,10,,,,,,,not_implemented,CENTRAL-ECBS
CENTRAL-ECBS-SIPP,30,500,419,93657,190.6,-,-,-,original,CENTRAL-ECBS
CENTRAL-ECBS-SIPP,30,500,,,,,,,not_implemented,CENTRAL-ECBS
CENTRAL-ECBS-SIPP,40,0.2,2524,12731,59.6,-,-,-,original,CENTRAL-ECBS
CENTRAL-ECBS-SIPP,40,0.2,,,,,,,not_implemented,CENTRAL-ECBS
CENTRAL-ECBS-SIPP,40,0.5,1032,12698,54.8,-,-,-,original,CENTRAL-ECBS
CENTRAL-ECBS-SIPP,40,0.5,,,,,,,not_implemented,CENTRAL-ECBS
CENTRAL-ECBS-SIPP,40,1,555,14169,35.8,-,-,-,original,CENTRAL-ECBS
CENTRAL-ECBS-SIPP,40,1,,,,,,,not_implemented,CENTRAL-ECBS
CENTRAL-ECBS-SIPP,40,2,366,28769,22.4,-,-,-,original,CENTRAL-ECBS
CENTRAL-ECBS-SIPP,40,2,,,,,,,not_implemented,CENTRAL-ECBS
CENTRAL-ECBS-SIPP,40,5,332,54143,18.0,-,-,-,original,CENTRAL-ECBS
CENTRAL-ECBS-SIPP,40,5,,,,,,,not_implemented,CENTRAL-ECBS
CENTRAL-ECBS-SIPP,40,10,344,64197,18.4,-,-,-,original,CENTRAL-ECBS
CENTRAL-ECBS-SIPP,40,10,,,,,,,not_implemented,CENTRAL-ECBS
CENTRAL-ECBS-SIPP,40,500,334,74470,32.4,-,-,-,original,CENTRAL-ECBS
CENTRAL-ECBS-SIPP,40,500,,,,,,,not_implemented,CENTRAL-ECBS
CENTRAL-ECBS-SIPP,50,0.2,2524,12528,115.7,-,-,-,original,CENTRAL-ECBS
CENTRAL-ECBS-SIPP,50,0.2,2515,11481,342.6,-0.4%,-8.4%,+196.1%,reimplementation,CENTRAL-ECBS
CENTRAL-ECBS-SIPP,50,0.5,1035,12471,111.7,-,-,-,original,CENTRAL-ECBS
CENTRAL-ECBS-SIPP,50,0.5,N/A,N/A,N/A,-,-,-,reimplementation,CENTRAL-ECBS
CENTRAL-ECBS-SIPP,50,1,553,13692,69.2,-,-,-,original,CENTRAL-ECBS
CENTRAL-ECBS-SIPP,50,1,N/A,N/A,N/A,-,-,-,reimplementation,CENTRAL-ECBS
CENTRAL-ECBS-SIPP,50,2,335,20718,30.5,-,-,-,original,CENTRAL-ECBS
CENTRAL-ECBS-SIPP,50,2,N/A,N/A,N/A,-,-,-,reimplementation,CENTRAL-ECBS
CENTRAL-ECBS-SIPP,50,5,313,43452,32.7,-,-,-,original,CENTRAL-ECBS
CENTRAL-ECBS-SIPP,50,5,N/A,N/A,N/A,-,-,-,reimplementation,CENTRAL-ECBS
CENTRAL-ECBS-SIPP,50,10,304,53351,91.8,-,-,-,original,CENTRAL-ECBS
CENTRAL-ECBS-SIPP,50,10,N/A,N/A,N/A,-,-,-,reimplementation,CENTRAL-ECBS
CENTRAL-ECBS-SIPP,50,500,273,62172,27.0,-,-,-,original,CENTRAL-ECBS
CENTRAL-ECBS-SIPP,50,500,N/A,N/A,N/A,-,-,-,reimplementation,CENTRAL-ECBS
Hungarian+PBS-MLA*,10,0.2,2512,13707,0.4,-,-,-,original,Hungarian+PBS-MLA*
Hungarian+PBS-MLA*,10,0.2,2514,13737,11.4,+0.1%,+0.2%,+2740.1%,reimplementation,Hungarian+PBS-MLA*
Hungarian+PBS-MLA*,10,0.5,1294,53758,1.3,-,-,-,original,Hungarian+PBS-MLA*
Hungarian+PBS-MLA*,10,0.5,1268,51685,1.4,-2.0%,-3.9%,+6.4%,reimplementation,Hungarian+PBS-MLA*
Hungarian+PBS-MLA*,10,1,1197,123143,4.8,-,-,-,original,Hungarian+PBS-MLA*
Hungarian+PBS-MLA*,10,1,1189,121851,10.6,-0.7%,-1.0%,+120.1%,reimplementation,Hungarian+PBS-MLA*
Hungarian+PBS-MLA*,10,2,1157,165857,14.3,-,-,-,original,Hungarian+PBS-MLA*
Hungarian+PBS-MLA*,10,2,1181,165860,28.0,+2.1%,+0.0%,+95.6%,reimplementation,Hungarian+PBS-MLA*
Hungarian+PBS-MLA*,10,5,1151,194487,28.2,-,-,-,original,Hungarian+PBS-MLA*
Hungarian+PBS-MLA*,10,5,1137,193848,52.9,-1.2%,-0.3%,+87.7%,reimplementation,Hungarian+PBS-MLA*
Hungarian+PBS-MLA*,10,10,1147,204639,36.0,-,-,-,original,Hungarian+PBS-MLA*
Hungarian+PBS-MLA*,10,10,1130,202602,60.9,-1.5%,-1.0%,+69.2%,reimplementation,Hungarian+PBS-MLA*
Hungarian+PBS-MLA*,10,500,1141,212725,41.1,-,-,-,original,Hungarian+PBS-MLA*
Hungarian+PBS-MLA*,10,500,1144,209887,77.2,+0.3%,-1.3%,+87.9%,reimplementation,Hungarian+PBS-MLA*
Hungarian+PBS-MLA*,20,0.2,2512,12273,1.1,-,-,-,original,Hungarian+PBS-MLA*
Hungarian+PBS-MLA*,20,0.2,2513,12087,4.4,+0.0%,-1.5%,+300.0%,reimplementation,Hungarian+PBS-MLA*
Hungarian+PBS-MLA*,20,0.5,1029,13173,2.0,-,-,-,original,Hungarian+PBS-MLA*
Hungarian+PBS-MLA*,20,0.5,1024,13171,5.4,-0.5%,-0.0%,+170.0%,reimplementation,Hungarian+PBS-MLA*
Hungarian+PBS-MLA*,20,1,651,32698,2.5,-,-,-,original,Hungarian+PBS-MLA*
Hungarian+PBS-MLA*,20,1,641,31169,2.1,-1.5%,-4.7%,-16.0%,reimplementation,Hungarian+PBS-MLA*
Hungarian+PBS-MLA*,20,2,614,66019,2.8,-,-,-,original,Hungarian+PBS-MLA*
Hungarian+PBS-MLA*,20,2,609,66164,3.7,-0.8%,+0.2%,+32.1%,reimplementation,Hungarian+PBS-MLA*
Hungarian+PBS-MLA*,20,5,597,92625,6.0,-,-,-,original,Hungarian+PBS-MLA*
Hungarian+PBS-MLA*,20,5,594,93280,9.1,-0.5%,+0.7%,+51.7%,reimplementation,Hungarian+PBS-MLA*
Hungarian+PBS-MLA*,20,10,590,102217,9.0,-,-,-,original,Hungarian+PBS-MLA*
Hungarian+PBS-MLA*,20,10,590,102283,14.8,+0.0%,+0.1%,+64.4%,reimplementation,Hungarian+PBS-MLA*
Hungarian+PBS-MLA*,20,500,581,110540,13.7,-,-,-,original,Hungarian+PBS-MLA*
Hungarian+PBS-MLA*,20,500,582,109167,18.6,+0.2%,-1.2%,+35.8%,reimplementation,Hungarian+PBS-MLA*
Hungarian+PBS-MLA*,30,0.2,2512,11791,2.4,-,-,-,original,Hungarian+PBS-MLA*
Hungarian+PBS-MLA*,30,0.2,2516,11995,10.7,+0.2%,+1.7%,+345.8%,reimplementation,Hungarian+PBS-MLA*
Hungarian+PBS-MLA*,30,0.5,1028,12127,3.1,-,-,-,original,Hungarian+PBS-MLA*
Hungarian+PBS-MLA*,30,0.5,1023,12123,7.7,-0.5%,-0.0%,+148.4%,reimplementation,Hungarian+PBS-MLA*
Hungarian+PBS-MLA*,30,1,532,13742,5.2,-,-,-,original,Hungarian+PBS-MLA*
Hungarian+PBS-MLA*,30,1,540,13747,7.8,+1.5%,+0.0%,+50.0%,reimplementation,Hungarian+PBS-MLA*
Hungarian+PBS-MLA*,30,2,432,36507,3.7,-,-,-,original,Hungarian+PBS-MLA*
Hungarian+PBS-MLA*,30,2,438,36026,3.8,+1.4%,-1.3%,+2.7%,reimplementation,Hungarian+PBS-MLA*
Hungarian+PBS-MLA*,30,5,414,60132,5.7,-,-,-,original,Hungarian+PBS-MLA*
Hungarian+PBS-MLA*,30,5,407,59339,1357.1,-1.7%,-1.3%,+23708.8%,reimplementation,Hungarian+PBS-MLA*
Hungarian+PBS-MLA*,30,10,402,68987,7.7,-,-,-,original,Hungarian+PBS-MLA*
Hungarian+PBS-MLA*,30,10,408,68413,2727.4,+1.5%,-0.8%,+35320.8%,reimplementation,Hungarian+PBS-MLA*
Hungarian+PBS-MLA*,30,500,400,76759,9.4,-,-,-,original,Hungarian+PBS-MLA*
Hungarian+PBS-MLA*,30,500,401,76552,3802.7,+0.2%,-0.3%,+40354.3%,reimplementation,Hungarian+PBS-MLA*
Hungarian+PBS-MLA*,40,0.2,2514,11602,2.8,-,-,-,original,Hungarian+PBS-MLA*
Hungarian+PBS-MLA*,40,0.2,2516,11334,2464.4,+0.1%,-2.3%,+87914.3%,reimplementation,Hungarian+PBS-MLA*
Hungarian+PBS-MLA*,40,0.5,1028,11735,3.9,-,-,-,original,Hungarian+PBS-MLA*
Hungarian+PBS-MLA*,40,0.5,1020,11575,16.0,-0.8%,-1.4%,+310.3%,reimplementation,Hungarian+PBS-MLA*
Hungarian+PBS-MLA*,40,1,527,12372,5.1,-,-,-,original,Hungarian+PBS-MLA*
Hungarian+PBS-MLA*,40,1,527,12317,11.1,+0.0%,-0.4%,+117.6%,reimplementation,Hungarian+PBS-MLA*
Hungarian+PBS-MLA*,40,2,339,21665,5.7,-,-,-,original,Hungarian+PBS-MLA*
Hungarian+PBS-MLA*,40,2,346,21980,4.3,+2.1%,+1.5%,-24.6%,reimplementation,Hungarian+PBS-MLA*
Hungarian+PBS-MLA*,40,5,321,44065,7.8,-,-,-,original,Hungarian+PBS-MLA*
Hungarian+PBS-MLA*,40,5,323,43877,4.9,+0.6%,-0.4%,-37.2%,reimplementation,Hungarian+PBS-MLA*
Hungarian+PBS-MLA*,40,10,315,51939,9.1,-,-,-,original,Hungarian+PBS-MLA*
Hungarian+PBS-MLA*,40,10,313,51623,6.1,-0.6%,-0.6%,-33.0%,reimplementation,Hungarian+PBS-MLA*
Hungarian+PBS-MLA*,40,500,317,60952,12.3,-,-,-,original,Hungarian+PBS-MLA*
Hungarian+PBS-MLA*,40,500,322,59754,7.1,+1.6%,-2.0%,-42.3%,reimplementation,Hungarian+PBS-MLA*
Hungarian+PBS-MLA*,50,0.2,2513,11338,2.4,-,-,-,original,Hungarian+PBS-MLA*
Hungarian+PBS-MLA*,50,0.2,2512,11028,34.9,-0.0%,-2.7%,+1356.2%,reimplementation,Hungarian+PBS-MLA*
Hungarian+PBS-MLA*,50,0.5,1027,11690,7.7,-,-,-,original,Hungarian+PBS-MLA*
Hungarian+PBS-MLA*,50,0.5,1020,11302,34.2,-0.7%,-3.3%,+343.7%,reimplementation,Hungarian+PBS-MLA*
Hungarian+PBS-MLA*,50,1,527,11860,17.1,-,-,-,original,Hungarian+PBS-MLA*
Hungarian+PBS-MLA*,50,1,527,11777,34.9,+0.0%,-0.7%,+104.3%,reimplementation,Hungarian+PBS-MLA*
Hungarian+PBS-MLA*,50,2,295,15041,37.1,-,-,-,original,Hungarian+PBS-MLA*
Hungarian+PBS-MLA*,50,2,293,15562,11.1,-0.7%,+3.5%,-70.0%,reimplementation,Hungarian+PBS-MLA*
Hungarian+PBS-MLA*,50,5,266,34363,59.1,-,-,-,original,Hungarian+PBS-MLA*
Hungarian+PBS-MLA*,50,5,275,34519,7.7,+3.4%,+0.5%,-87.0%,reimplementation,Hungarian+PBS-MLA*
Hungarian+PBS-MLA*,50,10,269,42342,60.5,-,-,-,original,Hungarian+PBS-MLA*
Hungarian+PBS-MLA*,50,10,260,42236,8.9,-3.3%,-0.3%,-85.4%,reimplementation,Hungarian+PBS-MLA*
Hungarian+PBS-MLA*,50,500,250,50491,53.3,-,-,-,original,Hungarian+PBS-MLA*
Hungarian+PBS-MLA*,50,500,259,50113,12.6,+3.6%,-0.7%,-76.4%,reimplementation,Hungarian+PBS-MLA*
Hungarian+PBS-MLSIPP,10,0.2,2511,13711,7.4,-,-,-,original,Hungarian+PBS-SIPP
Hungarian+PBS-MLSIPP,10,0.2,N/A,N/A,N/A,-,-,-,reimplementation,Hungarian+PBS-MLSIPP
Hungarian+PBS-MLSIPP,10,0.5,1291,54414,34.8,-,-,-,original,Hungarian+PBS-SIPP
Hungarian+PBS-MLSIPP,10,0.5,N/A,N/A,N/A,-,-,-,reimplementation,Hungarian+PBS-MLSIPP
Hungarian+PBS-MLSIPP,10,1,1207,125552,58.3,-,-,-,original,Hungarian+PBS-SIPP
Hungarian+PBS-MLSIPP,10,1,N/A,N/A,N/A,-,-,-,reimplementation,Hungarian+PBS-MLSIPP
Hungarian+PBS-MLSIPP,10,2,1192,167973,116.7,-,-,-,original,Hungarian+PBS-SIPP
Hungarian+PBS-MLSIPP,10,2,N/A,N/A,N/A,-,-,-,reimplementation,Hungarian+PBS-MLSIPP
Hungarian+PBS-MLSIPP,10,5,1171,197144,3317.5,-,-,-,original,Hungarian+PBS-SIPP
Hungarian+PBS-MLSIPP,10,5,N/A,N/A,N/A,-,-,-,reimplementation,Hungarian+PBS-MLSIPP
Hungarian+PBS-MLSIPP,10,10,1159,207586,3306.9,-,-,-,original,Hungarian+PBS-SIPP
Hungarian+PBS-MLSIPP,10,10,N/A,N/A,N/A,-,-,-,reimplementation,Hungarian+PBS-MLSIPP
Hungarian+PBS-MLSIPP,10,500,1155,216236,91.8,-,-,-,original,Hungarian+PBS-SIPP
Hungarian+PBS-MLSIPP,10,500,N/A,N/A,N/A,-,-,-,reimplementation,Hungarian+PBS-MLSIPP
Hungarian+PBS-MLSIPP,20,0.2,2513,12343,11.2,-,-,-,original,Hungarian+PBS-SIPP
Hungarian+PBS-MLSIPP,20,0.2,,,,,,,not_run,Hungarian+PBS-SIPP
Hungarian+PBS-MLSIPP,20,0.5,1031,13176,17.3,-,-,-,original,Hungarian+PBS-SIPP
Hungarian+PBS-MLSIPP,20,0.5,,,,,,,not_run,Hungarian+PBS-SIPP
Hungarian+PBS-MLSIPP,20,1,641,31145,200.9,-,-,-,original,Hungarian+PBS-SIPP
Hungarian+PBS-MLSIPP,20,1,,,,,,,not_run,Hungarian+PBS-SIPP
Hungarian+PBS-MLSIPP,20,2,620,65756,55.5,-,-,-,original,Hungarian+PBS-SIPP
Hungarian+PBS-MLSIPP,20,2,,,,,,,not_run,Hungarian+PBS-SIPP
Hungarian+PBS-MLSIPP,20,5,604,94768,75.0,-,-,-,original,Hungarian+PBS-SIPP
Hungarian+PBS-MLSIPP,20,5,,,,,,,not_run,Hungarian+PBS-SIPP
Hungarian+PBS-MLSIPP,20,10,616,105016,71.7,-,-,-,original,Hungarian+PBS-SIPP
Hungarian+PBS-MLSIPP,20,10,,,,,,,not_run,Hungarian+PBS-SIPP
Hungarian+PBS-MLSIPP,20,500,601,115565,56.2,-,-,-,original,Hungarian+PBS-SIPP
Hungarian+PBS-MLSIPP,20,500,,,,,,,not_run,Hungarian+PBS-SIPP
Hungarian+PBS-MLSIPP,30,0.2,2512,11816,12.5,-,-,-,original,Hungarian+PBS-SIPP
Hungarian+PBS-MLSIPP,30,0.2,,,,,,,not_run,Hungarian+PBS-SIPP
Hungarian+PBS-MLSIPP,30,0.5,1028,12193,18.9,-,-,-,original,Hungarian+PBS-SIPP
Hungarian+PBS-MLSIPP,30,0.5,,,,,,,not_run,Hungarian+PBS-SIPP
Hungarian+PBS-MLSIPP,30,1,533,13800,44.6,-,-,-,original,Hungarian+PBS-SIPP
Hungarian+PBS-MLSIPP,30,1,,,,,,,not_run,Hungarian+PBS-SIPP
Hungarian+PBS-MLSIPP,30,2,433,35811,138.3,-,-,-,original,Hungarian+PBS-SIPP
Hungarian+PBS-MLSIPP,30,2,,,,,,,not_run,Hungarian+PBS-SIPP
Hungarian+PBS-MLSIPP,30,5,421,60264,79.5,-,-,-,original,Hungarian+PBS-SIPP
Hungarian+PBS-MLSIPP,30,5,,,,,,,not_run,Hungarian+PBS-SIPP
Hungarian+PBS-MLSIPP,30,10,411,69856,71.2,-,-,-,original,Hungarian+PBS-SIPP
Hungarian+PBS-MLSIPP,30,10,,,,,,,not_run,Hungarian+PBS-SIPP
Hungarian+PBS-MLSIPP,30,500,411,80307,41.5,-,-,-,original,Hungarian+PBS-SIPP
Hungarian+PBS-MLSIPP,30,500,,,,,,,not_run,Hungarian+PBS-SIPP
Hungarian+PBS-MLSIPP,40,0.2,2512,11651,17.1,-,-,-,original,Hungarian+PBS-SIPP
Hungarian+PBS-MLSIPP,40,0.2,,,,,,,not_run,Hungarian+PBS-SIPP
Hungarian+PBS-MLSIPP,40,0.5,1024,11733,23.5,-,-,-,original,Hungarian+PBS-SIPP
Hungarian+PBS-MLSIPP,40,0.5,,,,,,,not_run,Hungarian+PBS-SIPP
Hungarian+PBS-MLSIPP,40,1,526,12318,36.7,-,-,-,original,Hungarian+PBS-SIPP
Hungarian+PBS-MLSIPP,40,1,,,,,,,not_run,Hungarian+PBS-SIPP
Hungarian+PBS-MLSIPP,40,2,335,22052,299.1,-,-,-,original,Hungarian+PBS-SIPP
Hungarian+PBS-MLSIPP,40,2,,,,,,,not_run,Hungarian+PBS-SIPP
Hungarian+PBS-MLSIPP,40,5,326,44190,120.9,-,-,-,original,Hungarian+PBS-SIPP
Hungarian+PBS-MLSIPP,40,5,,,,,,,not_run,Hungarian+PBS-SIPP
Hungarian+PBS-MLSIPP,40,10,330,54028,115.3,-,-,-,original,Hungarian+PBS-SIPP
Hungarian+PBS-MLSIPP,40,10,,,,,,,not_run,Hungarian+PBS-SIPP
Hungarian+PBS-MLSIPP,40,500,320,63804,61.3,-,-,-,original,Hungarian+PBS-SIPP
Hungarian+PBS-MLSIPP,40,500,,,,,,,not_run,Hungarian+PBS-SIPP
Hungarian+PBS-MLSIPP,50,0.2,2513,11399,22.7,-,-,-,original,Hungarian+PBS-SIPP
Hungarian+PBS-MLSIPP,50,0.2,N/A,N/A,N/A,-,-,-,reimplementation,Hungarian+PBS-MLSIPP
Hungarian+PBS-MLSIPP,50,0.5,1022,11525,28.7,-,-,-,original,Hungarian+PBS-SIPP
Hungarian+PBS-MLSIPP,50,0.5,N/A,N/A,N/A,-,-,-,reimplementation,Hungarian+PBS-MLSIPP
Hungarian+PBS-MLSIPP,50,1,526,11871,41.4,-,-,-,original,Hungarian+PBS-SIPP
Hungarian+PBS-MLSIPP,50,1,N/A,N/A,N/A,-,-,-,reimplementation,Hungarian+PBS-MLSIPP
Hungarian+PBS-MLSIPP,50,2,291,14446,83.8,-,-,-,original,Hungarian+PBS-SIPP
Hungarian+PBS-MLSIPP,50,2,N/A,N/A,N/A,-,-,-,reimplementation,Hungarian+PBS-MLSIPP
Hungarian+PBS-MLSIPP,50,5,277,34393,3439.8,-,-,-,original,Hungarian+PBS-SIPP
Hungarian+PBS-MLSIPP,50,5,N/A,N/A,N/A,-,-,-,reimplementation,Hungarian+PBS-MLSIPP
Hungarian+PBS-MLSIPP,50,10,275,43973,3345.2,-,-,-,original,Hungarian+PBS-SIPP
Hungarian+PBS-MLSIPP,50,10,N/A,N/A,N/A,-,-,-,reimplementation,Hungarian+PBS-MLSIPP
Hungarian+PBS-MLSIPP,50,500,279,53896,48.6,-,-,-,original,Hungarian+PBS-SIPP
Hungarian+PBS-MLSIPP,50,500,N/A,N/A,N/A,-,-,-,reimplementation,Hungarian+PBS-MLSIPP
Hungarian+PP-SIPP,10,0.2,2512,13707,0.4,-,-,-,original,Hungarian+PBS-MLA*
Hungarian+PP-SIPP,10,0.2,2520,13614,0.4,+0.3%,-0.7%,-7.1%,reimplementation,Hungarian+PBS-MLA*
Hungarian+PP-SIPP,10,0.5,1294,53758,1.3,-,-,-,original,Hungarian+PBS-MLA*
Hungarian+PP-SIPP,10,0.5,1421,77243,121.1,+9.8%,+43.7%,+9213.8%,reimplementation,Hungarian+PBS-MLA*
Hungarian+PP-SIPP,10,1,1197,123143,4.8,-,-,-,original,Hungarian+PBS-MLA*
Hungarian+PP-SIPP,10,1,1339,149409,107.9,+11.9%,+21.3%,+2147.0%,reimplementation,Hungarian+PBS-MLA*
Hungarian+PP-SIPP,10,2,1157,165857,14.3,-,-,-,original,Hungarian+PBS-MLA*
Hungarian+PP-SIPP,10,2,1302,194272,95.0,+12.5%,+17.1%,+564.4%,reimplementation,Hungarian+PBS-MLA*
Hungarian+PP-SIPP,10,5,1151,194487,28.2,-,-,-,original,Hungarian+PBS-MLA*
Hungarian+PP-SIPP,10,5,1254,211399,93.1,+8.9%,+8.7%,+230.0%,reimplementation,Hungarian+PBS-MLA*
Hungarian+PP-SIPP,10,10,1147,204639,36.0,-,-,-,original,Hungarian+PBS-MLA*
Hungarian+PP-SIPP,10,10,1274,223054,93.2,+11.1%,+9.0%,+158.9%,reimplementation,Hungarian+PBS-MLA*
Hungarian+PP-SIPP,10,500,1141,212725,41.1,-,-,-,original,Hungarian+PBS-MLA*
Hungarian+PP-SIPP,10,500,1262,231496,105.3,+10.6%,+8.8%,+156.2%,reimplementation,Hungarian+PBS-MLA*
Hungarian+PP-SIPP,20,0.2,2512,12273,1.1,-,-,-,original,Hungarian+PBS-MLA*
Hungarian+PP-SIPP,20,0.2,,,,,,,not_implemented,Hungarian+PBS-MLA*
Hungarian+PP-SIPP,20,0.5,1029,13173,2.0,-,-,-,original,Hungarian+PBS-MLA*
Hungarian+PP-SIPP,20,0.5,,,,,,,not_implemented,Hungarian+PBS-MLA*
Hungarian+PP-SIPP,20,1,651,32698,2.5,-,-,-,original,Hungarian+PBS-MLA*
Hungarian+PP-SIPP,20,1,,,,,,,not_implemented,Hungarian+PBS-MLA*
Hungarian+PP-SIPP,20,2,614,66019,2.8,-,-,-,original,Hungarian+PBS-MLA*
Hungarian+PP-SIPP,20,2,,,,,,,not_implemented,Hungarian+PBS-MLA*
Hungarian+PP-SIPP,20,5,597,92625,6.0,-,-,-,original,Hungarian+PBS-MLA*
Hungarian+PP-SIPP,20,5,,,,,,,not_implemented,Hungarian+PBS-MLA*
Hungarian+PP-SIPP,20,10,590,102217,9.0,-,-,-,original,Hungarian+PBS-MLA*
Hungarian+PP-SIPP,20,10,,,,,,,not_implemented,Hungarian+PBS-MLA*
Hungarian+PP-SIPP,20,500,581,110540,13.7,-,-,-,original,Hungarian+PBS-MLA*
Hungarian+PP-SIPP,20,500,,,,,,,not_implemented,Hungarian+PBS-MLA*
Hungarian+PP-SIPP,30,0.2,2512,11791,2.4,-,-,-,original,Hungarian+PBS-MLA*
Hungarian+PP-SIPP,30,0.2,,,,,,,not_implemented,Hungarian+PBS-MLA*
Hungarian+PP-SIPP,30,0.5,1028,12127,3.1,-,-,-,original,Hungarian+PBS-MLA*
Hungarian+PP-SIPP,30,0.5,,,,,,,not_implemented,Hungarian+PBS-MLA*
Hungarian+PP-SIPP,30,1,532,13742,5.2,-,-,-,original,Hungarian+PBS-MLA*
Hungarian+PP-SIPP,30,1,,,,,,,not_implemented,Hungarian+PBS-MLA*
Hungarian+PP-SIPP,30,2,432,36507,3.7,-,-,-,original,Hungarian+PBS-MLA*
Hungarian+PP-SIPP,30,2,,,,,,,not_implemented,Hungarian+PBS-MLA*
Hungarian+PP-SIPP,30,5,414,60132,5.7,-,-,-,original,Hungarian+PBS-MLA*
Hungarian+PP-SIPP,30,5,,,,,,,not_implemented,Hungarian+PBS-MLA*
Hungarian+PP-SIPP,30,10,402,68987,7.7,-,-,-,original,Hungarian+PBS-MLA*
Hungarian+PP-SIPP,30,10,,,,,,,not_implemented,Hungarian+PBS-MLA*
Hungarian+PP-SIPP,30,500,400,76759,9.4,-,-,-,original,Hungarian+PBS-MLA*
Hungarian+PP-SIPP,30,500,,,,,,,not_implemented,Hungarian+PBS-MLA*
Hungarian+PP-SIPP,40,0.2,2514,11602,2.8,-,-,-,original,Hungarian+PBS-MLA*
Hungarian+PP-SIPP,40,0.2,,,,,,,not_implemented,Hungarian+PBS-MLA*
Hungarian+PP-SIPP,40,0.5,1028,11735,3.9,-,-,-,original,Hungarian+PBS-MLA*
Hungarian+PP-SIPP,40,0.5,,,,,,,not_implemented,Hungarian+PBS-MLA*
Hungarian+PP-SIPP,40,1,527,12372,5.1,-,-,-,original,Hungarian+PBS-MLA*
Hungarian+PP-SIPP,40,1,,,,,,,not_implemented,Hungarian+PBS-MLA*
Hungarian+PP-SIPP,40,2,339,21665,5.7,-,-,-,original,Hungarian+PBS-MLA*
Hungarian+PP-SIPP,40,2,,,,,,,not_implemented,Hungarian+PBS-MLA*
Hungarian+PP-SIPP,40,5,321,44065,7.8,-,-,-,original,Hungarian+PBS-MLA*
Hungarian+PP-SIPP,40,5,,,,,,,not_implemented,Hungarian+PBS-MLA*
Hungarian+PP-SIPP,40,10,315,51939,9.1,-,-,-,original,Hungarian+PBS-MLA*
Hungarian+PP-SIPP,40,10,,,,,,,not_implemented,Hungarian+PBS-MLA*
Hungarian+PP-SIPP,40,500,317,60952,12.3,-,-,-,original,Hungarian+PBS-MLA*
Hungarian+PP-SIPP,40,500,,,,,,,not_implemented,Hungarian+PBS-MLA*
Hungarian+PP-SIPP,50,0.2,2513,11338,2.4,-,-,-,original,Hungarian+PBS-MLA*
Hungarian+PP-SIPP,50,0.2,2515,11600,6.2,+0.1%,+2.3%,+158.0%,reimplementation,Hungarian+PBS-MLA*
Hungarian+PP-SIPP,50,0.5,1027,11690,7.7,-,-,-,original,Hungarian+PBS-MLA*
Hungarian+PP-SIPP,50,0.5,1020,11778,5.2,-0.7%,+0.8%,-32.5%,reimplementation,Hungarian+PBS-MLA*
Hungarian+PP-SIPP,50,1,527,11860,17.1,-,-,-,original,Hungarian+PBS-MLA*
Hungarian+PP-SIPP,50,1,527,11904,4.2,+0.0%,+0.4%,-75.6%,reimplementation,Hungarian+PBS-MLA*
Hungarian+PP-SIPP,50,2,295,15041,37.1,-,-,-,original,Hungarian+PBS-MLA*
Hungarian+PP-SIPP,50,2,289,15185,3.6,-2.0%,+1.0%,-90.3%,reimplementation,Hungarian+PBS-MLA*
Hungarian+PP-SIPP,50,5,266,34363,59.1,-,-,-,original,Hungarian+PBS-MLA*
Hungarian+PP-SIPP,50,5,263,33461,4.9,-1.1%,-2.6%,-91.7%,reimplementation,Hungarian+PBS-MLA*
Hungarian+PP-SIPP,50,10,269,42342,60.5,-,-,-,original,Hungarian+PBS-MLA*
Hungarian+PP-SIPP,50,10,257,41847,6.2,-4.5%,-1.2%,-89.8%,reimplementation,Hungarian+PBS-MLA*
Hungarian+PP-SIPP,50,500,250,50491,53.3,-,-,-,original,Hungarian+PBS-MLA*
Hungarian+PP-SIPP,50,500,258,50121,7.7,+3.2%,-0.7%,-85.5%,reimplementation,Hungarian+PBS-MLA*
Hungarian+wPBS-MLA*,10,0.2,2512,13751,0.1,-,-,-,original,Hungarian+wPBS-MLA*
Hungarian+wPBS-MLA*,10,0.2,N/A,N/A,N/A,-,-,-,reimplementation,Hungarian+wPBS-MLA*
Hungarian+wPBS-MLA*,10,0.5,1319,52438,0.3,-,-,-,original,Hungarian+wPBS-MLA*
Hungarian+wPBS-MLA*,10,0.5,N/A,N/A,N/A,-,-,-,reimplementation,Hungarian+wPBS-MLA*
Hungarian+wPBS-MLA*,10,1,1213,122441,4.0,-,-,-,original,Hungarian+wPBS-MLA*
Hungarian+wPBS-MLA*,10,1,N/A,N/A,N/A,-,-,-,reimplementation,Hungarian+wPBS-MLA*
Hungarian+wPBS-MLA*,10,2,1199,167477,13.3,-,-,-,original,Hungarian+wPBS-MLA*
Hungarian+wPBS-MLA*,10,2,N/A,N/A,N/A,-,-,-,reimplementation,Hungarian+wPBS-MLA*
Hungarian+wPBS-MLA*,10,5,1214,195327,25.5,-,-,-,original,Hungarian+wPBS-MLA*
Hungarian+wPBS-MLA*,10,5,N/A,N/A,N/A,-,-,-,reimplementation,Hungarian+wPBS-MLA*
Hungarian+wPBS-MLA*,10,10,1180,203401,32.3,-,-,-,original,Hungarian+wPBS-MLA*
Hungarian+wPBS-MLA*,10,10,N/A,N/A,N/A,-,-,-,reimplementation,Hungarian+wPBS-MLA*
Hungarian+wPBS-MLA*,10,500,1171,211201,41.1,-,-,-,original,Hungarian+wPBS-MLA*
Hungarian+wPBS-MLA*,10,500,N/A,N/A,N/A,-,-,-,reimplementation,Hungarian+wPBS-MLA*
Hungarian+wPBS-MLA*,20,0.2,2511,12467,0.6,-,-,-,original,Hungarian+wPBS-MLA*
Hungarian+wPBS-MLA*,20,0.2,2515,12320,1.7,+0.2%,-1.2%,+183.3%,reimplementation,Hungarian+wPBS-MLA*
Hungarian+wPBS-MLA*,20,0.5,1026,13222,0.5,-,-,-,original,Hungarian+wPBS-MLA*
Hungarian+wPBS-MLA*,20,0.5,1036,13386,10.4,+1.0%,+1.2%,+1980.0%,reimplementation,Hungarian+wPBS-MLA*
Hungarian+wPBS-MLA*,20,1,649,31489,0.5,-,-,-,original,Hungarian+wPBS-MLA*
Hungarian+wPBS-MLA*,20,1,656,32374,18.7,+1.1%,+2.8%,+3640.0%,reimplementation,Hungarian+wPBS-MLA*
Hungarian+wPBS-MLA*,20,2,606,64497,1.2,-,-,-,original,Hungarian+wPBS-MLA*
Hungarian+wPBS-MLA*,20,2,664,67770,15.8,+9.6%,+5.1%,+1216.7%,reimplementation,Hungarian+wPBS-MLA*
Hungarian+wPBS-MLA*,20,5,590,91353,4.3,-,-,-,original,Hungarian+wPBS-MLA*
Hungarian+wPBS-MLA*,20,5,613,93646,22.3,+3.9%,+2.5%,+418.6%,reimplementation,Hungarian+wPBS-MLA*
Hungarian+wPBS-MLA*,20,10,592,99990,6.8,-,-,-,original,Hungarian+wPBS-MLA*
Hungarian+wPBS-MLA*,20,10,606,102813,32.9,+2.4%,+2.8%,+383.8%,reimplementation,Hungarian+wPBS-MLA*
Hungarian+wPBS-MLA*,20,500,589,109854,11.5,-,-,-,original,Hungarian+wPBS-MLA*
Hungarian+wPBS-MLA*,20,500,601,112741,31.8,+2.0%,+2.6%,+176.5%,reimplementation,Hungarian+wPBS-MLA*
Hungarian+wPBS-MLA*,30,0.2,2512,12048,1.4,-,-,-,original,Hungarian+wPBS-MLA*
Hungarian+wPBS-MLA*,30,0.2,2515,11812,2.7,+0.1%,-2.0%,+92.9%,reimplementation,Hungarian+wPBS-MLA*
Hungarian+wPBS-MLA*,30,0.5,1032,12338,1.1,-,-,-,original,Hungarian+wPBS-MLA*
Hungarian+wPBS-MLA*,30,0.5,1029,12502,9.3,-0.3%,+1.3%,+745.5%,reimplementation,Hungarian+wPBS-MLA*
Hungarian+wPBS-MLA*,30,1,534,13551,1.3,-,-,-,original,Hungarian+wPBS-MLA*
Hungarian+wPBS-MLA*,30,1,557,14080,39.6,+4.3%,+3.9%,+2946.2%,reimplementation,Hungarian+wPBS-MLA*
Hungarian+wPBS-MLA*,30,2,436,34709,0.9,-,-,-,original,Hungarian+wPBS-MLA*
Hungarian+wPBS-MLA*,30,2,441,37743,6856.1,+1.1%,+8.7%,+761688.9%,reimplementation,Hungarian+wPBS-MLA*
Hungarian+wPBS-MLA*,30,5,410,58225,2.1,-,-,-,original,Hungarian+wPBS-MLA*
Hungarian+wPBS-MLA*,30,5,421,61075,6993.6,+2.7%,+4.9%,+332928.6%,reimplementation,Hungarian+wPBS-MLA*
Hungarian+wPBS-MLA*,30,10,401,67203,3.5,-,-,-,original,Hungarian+wPBS-MLA*
Hungarian+wPBS-MLA*,30,10,431,69259,7355.5,+7.5%,+3.1%,+210057.1%,reimplementation,Hungarian+wPBS-MLA*
Hungarian+wPBS-MLA*,30,500,395,75928,6.0,-,-,-,original,Hungarian+wPBS-MLA*
Hungarian+wPBS-MLA*,30,500,427,77824,7197.7,+8.1%,+2.5%,+119861.7%,reimplementation,Hungarian+wPBS-MLA*
Hungarian+wPBS-MLA*,40,0.2,2512,11853,1.8,-,-,-,original,Hungarian+wPBS-MLA*
Hungarian+wPBS-MLA*,40,0.2,2515,11715,829.8,+0.1%,-1.2%,+46000.0%,reimplementation,Hungarian+wPBS-MLA*
Hungarian+wPBS-MLA*,40,0.5,1031,11984,1.6,-,-,-,original,Hungarian+wPBS-MLA*
Hungarian+wPBS-MLA*,40,0.5,1019,11951,11.4,-1.2%,-0.3%,+612.5%,reimplementation,Hungarian+wPBS-MLA*
Hungarian+wPBS-MLA*,40,1,528,12540,1.4,-,-,-,original,Hungarian+wPBS-MLA*
Hungarian+wPBS-MLA*,40,1,532,12629,30.2,+0.8%,+0.7%,+2057.1%,reimplementation,Hungarian+wPBS-MLA*
Hungarian+wPBS-MLA*,40,2,341,21459,1.1,-,-,-,original,Hungarian+wPBS-MLA*
Hungarian+wPBS-MLA*,40,2,363,24092,40.4,+6.5%,+12.3%,+3572.7%,reimplementation,Hungarian+wPBS-MLA*
Hungarian+wPBS-MLA*,40,5,310,42052,1.6,-,-,-,original,Hungarian+wPBS-MLA*
Hungarian+wPBS-MLA*,40,5,329,44149,31.0,+6.1%,+5.0%,+1837.5%,reimplementation,Hungarian+wPBS-MLA*
Hungarian+wPBS-MLA*,40,10,318,51093,2.6,-,-,-,original,Hungarian+wPBS-MLA*
Hungarian+wPBS-MLA*,40,10,322,53496,25.7,+1.3%,+4.7%,+888.5%,reimplementation,Hungarian+wPBS-MLA*
Hungarian+wPBS-MLA*,40,500,311,60145,4.4,-,-,-,original,Hungarian+wPBS-MLA*
Hungarian+wPBS-MLA*,40,500,355,62180,41.6,+14.1%,+3.4%,+845.5%,reimplementation,Hungarian+wPBS-MLA*
Hungarian+wPBS-MLA*,50,0.2,2512,11779,1.5,-,-,-,original,Hungarian+wPBS-MLA*
Hungarian+wPBS-MLA*,50,0.2,N/A,N/A,N/A,-,-,-,reimplementation,Hungarian+wPBS-MLA*
Hungarian+wPBS-MLA*,50,0.5,1037,11909,3.2,-,-,-,original,Hungarian+wPBS-MLA*
Hungarian+wPBS-MLA*,50,0.5,N/A,N/A,N/A,-,-,-,reimplementation,Hungarian+wPBS-MLA*
Hungarian+wPBS-MLA*,50,1,530,12331,4.9,-,-,-,original,Hungarian+wPBS-MLA*
Hungarian+wPBS-MLA*,50,1,N/A,N/A,N/A,-,-,-,reimplementation,Hungarian+wPBS-MLA*
Hungarian+wPBS-MLA*,50,2,303,14618,7.5,-,-,-,original,Hungarian+wPBS-MLA*
Hungarian+wPBS-MLA*,50,2,N/A,N/A,N/A,-,-,-,reimplementation,Hungarian+wPBS-MLA*
Hungarian+wPBS-MLA*,50,5,262,33165,8.6,-,-,-,original,Hungarian+wPBS-MLA*
Hungarian+wPBS-MLA*,50,5,N/A,N/A,N/A,-,-,-,reimplementation,Hungarian+wPBS-MLA*
Hungarian+wPBS-MLA*,50,10,267,41188,11.2,-,-,-,original,Hungarian+wPBS-MLA*
Hungarian+wPBS-MLA*,50,10,N/A,N/A,N/A,-,-,-,reimplementation,Hungarian+wPBS-MLA*
Hungarian+wPBS-MLA*,50,500,256,50638,20.9,-,-,-,original,Hungarian+wPBS-MLA*
Hungarian+wPBS-MLA*,50,500,N/A,N/A,N/A,-,-,-,reimplementation,Hungarian+wPBS-MLA*
Hungarian+wPBS-MLSIPP,10,0.2,N/A,N/A,N/A,-,-,-,reimplementation,Hungarian+wPBS-MLSIPP
Hungarian+wPBS-MLSIPP,10,0.5,N/A,N/A,N/A,-,-,-,reimplementation,Hungarian+wPBS-MLSIPP
Hungarian+wPBS-MLSIPP,10,1,N/A,N/A,N/A,-,-,-,reimplementation,Hungarian+wPBS-MLSIPP
Hungarian+wPBS-MLSIPP,10,2,N/A,N/A,N/A,-,-,-,reimplementation,Hungarian+wPBS-MLSIPP
Hungarian+wPBS-MLSIPP,10,5,N/A,N/A,N/A,-,-,-,reimplementation,Hungarian+wPBS-MLSIPP
Hungarian+wPBS-MLSIPP,10,10,N/A,N/A,N/A,-,-,-,reimplementation,Hungarian+wPBS-MLSIPP
Hungarian+wPBS-MLSIPP,10,500,N/A,N/A,N/A,-,-,-,reimplementation,Hungarian+wPBS-MLSIPP
Hungarian+wPBS-MLSIPP,50,0.2,N/A,N/A,N/A,-,-,-,reimplementation,Hungarian+wPBS-MLSIPP
Hungarian+wPBS-MLSIPP,50,0.5,N/A,N/A,N/A,-,-,-,reimplementation,Hungarian+wPBS-MLSIPP
Hungarian+wPBS-MLSIPP,50,1,N/A,N/A,N/A,-,-,-,reimplementation,Hungarian+wPBS-MLSIPP
Hungarian+wPBS-MLSIPP,50,2,N/A,N/A,N/A,-,-,-,reimplementation,Hungarian+wPBS-MLSIPP
Hungarian+wPBS-MLSIPP,50,5,N/A,N/A,N/A,-,-,-,reimplementation,Hungarian+wPBS-MLSIPP
Hungarian+wPBS-MLSIPP,50,10,N/A,N/A,N/A,-,-,-,reimplementation,Hungarian+wPBS-MLSIPP
Hungarian+wPBS-MLSIPP,50,500,N/A,N/A,N/A,-,-,-,reimplementation,Hungarian+wPBS-MLSIPP
LNS(1s)+PBS-MLA*,10,0.2,2513,13667,347.9,-,-,-,original,LNS(1s)+PBS-MLA*
LNS(1s)+PBS-MLA*,10,0.2,N/A,N/A,N/A,-,-,-,reimplementation,LNS(1s)+PBS-MLA*
LNS(1s)+PBS-MLA*,10,0.5,1277,53380,591.1,-,-,-,original,LNS(1s)+PBS-MLA*
LNS(1s)+PBS-MLA*,10,0.5,N/A,N/A,N/A,-,-,-,reimplementation,LNS(1s)+PBS-MLA*
LNS(1s)+PBS-MLA*,10,1,1205,125233,580.6,-,-,-,original,LNS(1s)+PBS-MLA*
LNS(1s)+PBS-MLA*,10,1,N/A,N/A,N/A,-,-,-,reimplementation,LNS(1s)+PBS-MLA*
LNS(1s)+PBS-MLA*,10,2,1150,167070,455.9,-,-,-,original,LNS(1s)+PBS-MLA*
LNS(1s)+PBS-MLA*,10,2,1171,166469,566.0,+1.8%,-0.4%,+24.1%,reimplementation,LNS(1s)+PBS-MLA*
LNS(1s)+PBS-MLA*,10,5,1158,195385,405.6,-,-,-,original,LNS(1s)+PBS-MLA*
LNS(1s)+PBS-MLA*,10,5,1132,192280,488.3,-2.2%,-1.6%,+20.4%,reimplementation,LNS(1s)+PBS-MLA*
LNS(1s)+PBS-MLA*,10,10,1162,203822,386.1,-,-,-,original,LNS(1s)+PBS-MLA*
LNS(1s)+PBS-MLA*,10,10,1138,203909,485.2,-2.1%,+0.0%,+25.7%,reimplementation,LNS(1s)+PBS-MLA*
LNS(1s)+PBS-MLA*,10,500,1131,211914,393.0,-,-,-,original,LNS(1s)+PBS-MLA*
LNS(1s)+PBS-MLA*,10,500,1132,210470,463.8,+0.1%,-0.7%,+18.0%,reimplementation,LNS(1s)+PBS-MLA*
LNS(1s)+PBS-MLA*,20,0.2,2513,12256,842.7,-,-,-,original,LNS(1s)+PBS-MLA*
LNS(1s)+PBS-MLA*,20,0.2,2513,12084,873.1,+0.0%,-1.4%,+3.6%,reimplementation,LNS(1s)+PBS-MLA*
LNS(1s)+PBS-MLA*,20,0.5,1028,13104,808.4,-,-,-,original,LNS(1s)+PBS-MLA*
LNS(1s)+PBS-MLA*,20,0.5,1034,13203,718.0,+0.6%,+0.8%,-11.2%,reimplementation,LNS(1s)+PBS-MLA*
LNS(1s)+PBS-MLA*,20,1,646,31719,560.9,-,-,-,original,LNS(1s)+PBS-MLA*
LNS(1s)+PBS-MLA*,20,1,642,35535,777.1,-0.6%,+12.0%,+38.5%,reimplementation,LNS(1s)+PBS-MLA*
LNS(1s)+PBS-MLA*,20,2,613,66155,406.0,-,-,-,original,LNS(1s)+PBS-MLA*
LNS(1s)+PBS-MLA*,20,2,618,69510,435.9,+0.8%,+5.1%,+7.4%,reimplementation,LNS(1s)+PBS-MLA*
LNS(1s)+PBS-MLA*,20,5,595,91767,364.2,-,-,-,original,LNS(1s)+PBS-MLA*
LNS(1s)+PBS-MLA*,20,5,587,93293,386.2,-1.3%,+1.7%,+6.0%,reimplementation,LNS(1s)+PBS-MLA*
LNS(1s)+PBS-MLA*,20,10,594,101547,345.8,-,-,-,original,LNS(1s)+PBS-MLA*
LNS(1s)+PBS-MLA*,20,10,592,103081,363.0,-0.3%,+1.5%,+5.0%,reimplementation,LNS(1s)+PBS-MLA*
LNS(1s)+PBS-MLA*,20,500,580,110189,339.4,-,-,-,original,LNS(1s)+PBS-MLA*
LNS(1s)+PBS-MLA*,20,500,587,110341,368.3,+1.2%,+0.1%,+8.5%,reimplementation,LNS(1s)+PBS-MLA*
LNS(1s)+PBS-MLA*,30,0.2,2512,11791,765.4,-,-,-,original,LNS(1s)+PBS-MLA*
LNS(1s)+PBS-MLA*,30,0.2,,,,,,,not_run,LNS(1s)+PBS-MLA*
LNS(1s)+PBS-MLA*,30,0.5,1027,12146,786.8,-,-,-,original,LNS(1s)+PBS-MLA*
LNS(1s)+PBS-MLA*,30,0.5,,,,,,,not_run,LNS(1s)+PBS-MLA*
LNS(1s)+PBS-MLA*,30,1,535,13595,541.1,-,-,-,original,LNS(1s)+PBS-MLA*
LNS(1s)+PBS-MLA*,30,1,,,,,,,not_run,LNS(1s)+PBS-MLA*
LNS(1s)+PBS-MLA*,30,2,423,35147,429.6,-,-,-,original,LNS(1s)+PBS-MLA*
LNS(1s)+PBS-MLA*,30,2,,,,,,,not_run,LNS(1s)+PBS-MLA*
LNS(1s)+PBS-MLA*,30,5,403,59155,327.5,-,-,-,original,LNS(1s)+PBS-MLA*
LNS(1s)+PBS-MLA*,30,5,,,,,,,not_run,LNS(1s)+PBS-MLA*
LNS(1s)+PBS-MLA*,30,10,410,68796,313.7,-,-,-,original,LNS(1s)+PBS-MLA*
LNS(1s)+PBS-MLA*,30,10,,,,,,,not_run,LNS(1s)+PBS-MLA*
LNS(1s)+PBS-MLA*,30,500,398,76688,295.5,-,-,-,original,LNS(1s)+PBS-MLA*
LNS(1s)+PBS-MLA*,30,500,,,,,,,not_run,LNS(1s)+PBS-MLA*
LNS(1s)+PBS-MLA*,40,0.2,2514,11602,777.3,-,-,-,original,LNS(1s)+PBS-MLA*
LNS(1s)+PBS-MLA*,40,0.2,,,,,,,not_run,LNS(1s)+PBS-MLA*
LNS(1s)+PBS-MLA*,40,0.5,1027,11752,842.7,-,-,-,original,LNS(1s)+PBS-MLA*
LNS(1s)+PBS-MLA*,40,0.5,,,,,,,not_run,LNS(1s)+PBS-MLA*
LNS(1s)+PBS-MLA*,40,1,526,12202,544.2,-,-,-,original,LNS(1s)+PBS-MLA*
LNS(1s)+PBS-MLA*,40,1,,,,,,,not_run,LNS(1s)+PBS-MLA*
LNS(1s)+PBS-MLA*,40,2,339,21745,309.1,-,-,-,original,LNS(1s)+PBS-MLA*
LNS(1s)+PBS-MLA*,40,2,,,,,,,not_run,LNS(1s)+PBS-MLA*
LNS(1s)+PBS-MLA*,40,5,318,42897,303.3,-,-,-,original,LNS(1s)+PBS-MLA*
LNS(1s)+PBS-MLA*,40,5,,,,,,,not_run,LNS(1s)+PBS-MLA*
LNS(1s)+PBS-MLA*,40,10,312,52199,250.0,-,-,-,original,LNS(1s)+PBS-MLA*
LNS(1s)+PBS-MLA*,40,10,,,,,,,not_run,LNS(1s)+PBS-MLA*
LNS(1s)+PBS-MLA*,40,500,321,60473,248.6,-,-,-,original,LNS(1s)+PBS-MLA*
LNS(1s)+PBS-MLA*,40,500,,,,,,,not_run,LNS(1s)+PBS-MLA*
LNS(1s)+PBS-MLA*,50,0.2,2513,11338,286.1,-,-,-,original,LNS(1s)+PBS-MLA*
LNS(1s)+PBS-MLA*,50,0.2,N/A,N/A,N/A,-,-,-,reimplementation,LNS(1s)+PBS-MLA*
LNS(1s)+PBS-MLA*,50,0.5,1027,11690,740.8,-,-,-,original,LNS(1s)+PBS-MLA*
LNS(1s)+PBS-MLA*,50,0.5,N/A,N/A,N/A,-,-,-,reimplementation,LNS(1s)+PBS-MLA*
LNS(1s)+PBS-MLA*,50,1,527,11860,969.9,-,-,-,original,LNS(1s)+PBS-MLA*
LNS(1s)+PBS-MLA*,50,1,528,11851,541.8,+0.2%,-0.1%,-44.1%,reimplementation,LNS(1s)+PBS-MLA*
LNS(1s)+PBS-MLA*,50,2,296,15061,937.5,-,-,-,original,LNS(1s)+PBS-MLA*
LNS(1s)+PBS-MLA*,50,2,294,15065,286.9,-0.7%,+0.0%,-69.4%,reimplementation,LNS(1s)+PBS-MLA*
LNS(1s)+PBS-MLA*,50,5,276,34603,847.1,-,-,-,original,LNS(1s)+PBS-MLA*
LNS(1s)+PBS-MLA*,50,5,271,34433,236.0,-1.8%,-0.5%,-72.1%,reimplementation,LNS(1s)+PBS-MLA*
LNS(1s)+PBS-MLA*,50,10,255,42045,844.8,-,-,-,original,LNS(1s)+PBS-MLA*
LNS(1s)+PBS-MLA*,50,10,255,41696,225.9,+0.0%,-0.8%,-73.3%,reimplementation,LNS(1s)+PBS-MLA*
LNS(1s)+PBS-MLA*,50,500,257,49963,850.5,-,-,-,original,LNS(1s)+PBS-MLA*
LNS(1s)+PBS-MLA*,50,500,261,49903,222.4,+1.6%,-0.1%,-73.8%,reimplementation,LNS(1s)+PBS-MLA*
LNS(1s)+PBS-MLSIPP,10,0.2,N/A,N/A,N/A,-,-,-,reimplementation,LNS(1s)+PBS-MLSIPP
LNS(1s)+PBS-MLSIPP,10,0.5,N/A,N/A,N/A,-,-,-,reimplementation,LNS(1s)+PBS-MLSIPP
LNS(1s)+PBS-MLSIPP,10,1,N/A,N/A,N/A,-,-,-,reimplementation,LNS(1s)+PBS-MLSIPP
LNS(1s)+PBS-MLSIPP,10,2,N/A,N/A,N/A,-,-,-,reimplementation,LNS(1s)+PBS-MLSIPP
LNS(1s)+PBS-MLSIPP,10,5,N/A,N/A,N/A,-,-,-,reimplementation,LNS(1s)+PBS-MLSIPP
LNS(1s)+PBS-MLSIPP,10,10,N/A,N/A,N/A,-,-,-,reimplementation,LNS(1s)+PBS-MLSIPP
LNS(1s)+PBS-MLSIPP,10,500,N/A,N/A,N/A,-,-,-,reimplementation,LNS(1s)+PBS-MLSIPP
LNS(1s)+PBS-MLSIPP,50,0.2,N/A,N/A,N/A,-,-,-,reimplementation,LNS(1s)+PBS-MLSIPP
LNS(1s)+PBS-MLSIPP,50,0.5,N/A,N/A,N/A,-,-,-,reimplementation,LNS(1s)+PBS-MLSIPP
LNS(1s)+PBS-MLSIPP,50,1,N/A,N/A,N/A,-,-,-,reimplementation,LNS(1s)+PBS-MLSIPP
LNS(1s)+PBS-MLSIPP,50,2,N/A,N/A,N/A,-,-,-,reimplementation,LNS(1s)+PBS-MLSIPP
LNS(1s)+PBS-MLSIPP,50,5,N/A,N/A,N/A,-,-,-,reimplementation,LNS(1s)+PBS-MLSIPP
LNS(1s)+PBS-MLSIPP,50,10,N/A,N/A,N/A,-,-,-,reimplementation,LNS(1s)+PBS-MLSIPP
LNS(1s)+PBS-MLSIPP,50,500,N/A,N/A,N/A,-,-,-,reimplementation,LNS(1s)+PBS-MLSIPP
LNS(1s)+PP-SIPP,10,0.2,2513,13667,347.9,-,-,-,original,LNS(1s)+PBS-MLA*
LNS(1s)+PP-SIPP,10,0.2,N/A,N/A,N/A,-,-,-,reimplementation,LNS(1s)+PBS-MLA*
LNS(1s)+PP-SIPP,10,0.5,1277,53380,591.1,-,-,-,original,LNS(1s)+PBS-MLA*
LNS(1s)+PP-SIPP,10,0.5,N/A,N/A,N/A,-,-,-,reimplementation,LNS(1s)+PBS-MLA*
LNS(1s)+PP-SIPP,10,1,1205,125233,580.6,-,-,-,original,LNS(1s)+PBS-MLA*
LNS(1s)+PP-SIPP,10,1,N/A,N/A,N/A,-,-,-,reimplementation,LNS(1s)+PBS-MLA*
LNS(1s)+PP-SIPP,10,2,1150,167070,455.9,-,-,-,original,LNS(1s)+PBS-MLA*
LNS(1s)+PP-SIPP,10,2,N/A,N/A,N/A,-,-,-,reimplementation,LNS(1s)+PBS-MLA*
LNS(1s)+PP-SIPP,10,5,1158,195385,405.6,-,-,-,original,LNS(1s)+PBS-MLA*
LNS(1s)+PP-SIPP,10,5,1251,212091,523.1,+8.0%,+8.6%,+29.0%,reimplementation,LNS(1s)+PBS-MLA*
LNS(1s)+PP-SIPP,10,10,1162,203822,386.1,-,-,-,original,LNS(1s)+PBS-MLA*
LNS(1s)+PP-SIPP,10,10,1251,221618,504.9,+7.7%,+8.7%,+30.8%,reimplementation,LNS(1s)+PBS-MLA*
LNS(1s)+PP-SIPP,10,500,1131,211914,393.0,-,-,-,original,LNS(1s)+PBS-MLA*
LNS(1s)+PP-SIPP,10,500,1244,227933,495.4,+10.0%,+7.6%,+26.0%,reimplementation,LNS(1s)+PBS-MLA*
LNS(1s)+PP-SIPP,20,0.2,2513,12256,842.7,-,-,-,original,LNS(1s)+PBS-MLA*
LNS(1s)+PP-SIPP,20,0.2,,,,,,,not_implemented,LNS(1s)+PBS-MLA*
LNS(1s)+PP-SIPP,20,0.5,1028,13104,808.4,-,-,-,original,LNS(1s)+PBS-MLA*
LNS(1s)+PP-SIPP,20,0.5,,,,,,,not_implemented,LNS(1s)+PBS-MLA*
LNS(1s)+PP-SIPP,20,1,646,31719,560.9,-,-,-,original,LNS(1s)+PBS-MLA*
LNS(1s)+PP-SIPP,20,1,,,,,,,not_implemented,LNS(1s)+PBS-MLA*
LNS(1s)+PP-SIPP,20,2,613,66155,406.0,-,-,-,original,LNS(1s)+PBS-MLA*
LNS(1s)+PP-SIPP,20,2,,,,,,,not_implemented,LNS(1s)+PBS-MLA*
LNS(1s)+PP-SIPP,20,5,595,91767,364.2,-,-,-,original,LNS(1s)+PBS-MLA*
LNS(1s)+PP-SIPP,20,5,,,,,,,not_implemented,LNS(1s)+PBS-MLA*
LNS(1s)+PP-SIPP,20,10,594,101547,345.8,-,-,-,original,LNS(1s)+PBS-MLA*
LNS(1s)+PP-SIPP,20,10,,,,,,,not_implemented,LNS(1s)+PBS-MLA*
LNS(1s)+PP-SIPP,20,500,580,110189,339.4,-,-,-,original,LNS(1s)+PBS-MLA*
LNS(1s)+PP-SIPP,20,500,,,,,,,not_implemented,LNS(1s)+PBS-MLA*
LNS(1s)+PP-SIPP,30,0.2,2512,11791,765.4,-,-,-,original,LNS(1s)+PBS-MLA*
LNS(1s)+PP-SIPP,30,0.2,,,,,,,not_implemented,LNS(1s)+PBS-MLA*
LNS(1s)+PP-SIPP,30,0.5,1027,12146,786.8,-,-,-,original,LNS(1s)+PBS-MLA*
LNS(1s)+PP-SIPP,30,0.5,,,,,,,not_implemented,LNS(1s)+PBS-MLA*
LNS(1s)+PP-SIPP,30,1,535,13595,541.1,-,-,-,original,LNS(1s)+PBS-MLA*
LNS(1s)+PP-SIPP,30,1,,,,,,,not_implemented,LNS(1s)+PBS-MLA*
LNS(1s)+PP-SIPP,30,2,423,35147,429.6,-,-,-,original,LNS(1s)+PBS-MLA*
LNS(1s)+PP-SIPP,30,2,,,,,,,not_implemented,LNS(1s)+PBS-MLA*
LNS(1s)+PP-SIPP,30,5,403,59155,327.5,-,-,-,original,LNS(1s)+PBS-MLA*
LNS(1s)+PP-SIPP,30,5,,,,,,,not_implemented,LNS(1s)+PBS-MLA*
LNS(1s)+PP-SIPP,30,10,410,68796,313.7,-,-,-,original,LNS(1s)+PBS-MLA*
LNS(1s)+PP-SIPP,30,10,,,,,,,not_implemented,LNS(1s)+PBS-MLA*
LNS(1s)+PP-SIPP,30,500,398,76688,295.5,-,-,-,original,LNS(1s)+PBS-MLA*
LNS(1s)+PP-SIPP,30,500,,,,,,,not_implemented,LNS(1s)+PBS-MLA*
LNS(1s)+PP-SIPP,40,0.2,2514,11602,777.3,-,-,-,original,LNS(1s)+PBS-MLA*
LNS(1s)+PP-SIPP,40,0.2,,,,,,,not_implemented,LNS(1s)+PBS-MLA*
LNS(1s)+PP-SIPP,40,0.5,1027,11752,842.7,-,-,-,original,LNS(1s)+PBS-MLA*
LNS(1s)+PP-SIPP,40,0.5,,,,,,,not_implemented,LNS(1s)+PBS-MLA*
LNS(1s)+PP-SIPP,40,1,526,12202,544.2,-,-,-,original,LNS(1s)+PBS-MLA*
LNS(1s)+PP-SIPP,40,1,,,,,,,not_implemented,LNS(1s)+PBS-MLA*
LNS(1s)+PP-SIPP,40,2,339,21745,309.1,-,-,-,original,LNS(1s)+PBS-MLA*
LNS(1s)+PP-SIPP,40,2,,,,,,,not_implemented,LNS(1s)+PBS-MLA*
LNS(1s)+PP-SIPP,40,5,318,42897,303.3,-,-,-,original,LNS(1s)+PBS-MLA*
LNS(1s)+PP-SIPP,40,5,,,,,,,not_implemented,LNS(1s)+PBS-MLA*
LNS(1s)+PP-SIPP,40,10,312,52199,250.0,-,-,-,original,LNS(1s)+PBS-MLA*
LNS(1s)+PP-SIPP,40,10,,,,,,,not_implemented,LNS(1s)+PBS-MLA*
LNS(1s)+PP-SIPP,40,500,321,60473,248.6,-,-,-,original,LNS(1s)+PBS-MLA*
LNS(1s)+PP-SIPP,40,500,,,,,,,not_implemented,LNS(1s)+PBS-MLA*
LNS(1s)+PP-SIPP,50,0.2,2513,11338,286.1,-,-,-,original,LNS(1s)+PBS-MLA*
LNS(1s)+PP-SIPP,50,0.2,N/A,N/A,N/A,-,-,-,reimplementation,LNS(1s)+PBS-MLA*
LNS(1s)+PP-SIPP,50,0.5,1027,11690,740.8,-,-,-,original,LNS(1s)+PBS-MLA*
LNS(1s)+PP-SIPP,50,0.5,N/A,N/A,N/A,-,-,-,reimplementation,LNS(1s)+PBS-MLA*
LNS(1s)+PP-SIPP,50,1,527,11860,969.9,-,-,-,original,LNS(1s)+PBS-MLA*
LNS(1s)+PP-SIPP,50,1,527,12032,516.8,+0.0%,+1.5%,-46.7%,reimplementation,LNS(1s)+PBS-MLA*
LNS(1s)+PP-SIPP,50,2,296,15061,937.5,-,-,-,original,LNS(1s)+PBS-MLA*
LNS(1s)+PP-SIPP,50,2,295,15311,285.2,-0.3%,+1.7%,-69.6%,reimplementation,LNS(1s)+PBS-MLA*
LNS(1s)+PP-SIPP,50,5,276,34603,847.1,-,-,-,original,LNS(1s)+PBS-MLA*
LNS(1s)+PP-SIPP,50,5,266,34012,233.9,-3.6%,-1.7%,-72.4%,reimplementation,LNS(1s)+PBS-MLA*
LNS(1s)+PP-SIPP,50,10,255,42045,844.8,-,-,-,original,LNS(1s)+PBS-MLA*
LNS(1s)+PP-SIPP,50,10,265,41846,214.9,+3.9%,-0.5%,-74.6%,reimplementation,LNS(1s)+PBS-MLA*
LNS(1s)+PP-SIPP,50,500,257,49963,850.5,-,-,-,original,LNS(1s)+PBS-MLA*
LNS(1s)+PP-SIPP,50,500,255,49461,207.9,-0.8%,-1.0%,-75.6%,reimplementation,LNS(1s)+PBS-MLA*
LNS(1s)+wPBS-MLA*,10,0.2,2512,13626,338.9,-,-,-,original,LNS(1s)+wPBS-MLA*
LNS(1s)+wPBS-MLA*,10,0.2,N/A,N/A,N/A,-,-,-,reimplementation,LNS(1s)+wPBS-MLA*
LNS(1s)+wPBS-MLA*,10,0.5,1287,50458,574.0,-,-,-,original,LNS(1s)+wPBS-MLA*
LNS(1s)+wPBS-MLA*,10,0.5,N/A,N/A,N/A,-,-,-,reimplementation,LNS(1s)+wPBS-MLA*
LNS(1s)+wPBS-MLA*,10,1,1237,125871,558.8,-,-,-,original,LNS(1s)+wPBS-MLA*
LNS(1s)+wPBS-MLA*,10,1,N/A,N/A,N/A,-,-,-,reimplementation,LNS(1s)+wPBS-MLA*
LNS(1s)+wPBS-MLA*,10,2,1205,164495,448.9,-,-,-,original,LNS(1s)+wPBS-MLA*
LNS(1s)+wPBS-MLA*,10,2,N/A,N/A,N/A,-,-,-,reimplementation,LNS(1s)+wPBS-MLA*
LNS(1s)+wPBS-MLA*,10,5,1209,195176,398.7,-,-,-,original,LNS(1s)+wPBS-MLA*
LNS(1s)+wPBS-MLA*,10,5,N/A,N/A,N/A,-,-,-,reimplementation,LNS(1s)+wPBS-MLA*
LNS(1s)+wPBS-MLA*,10,10,1197,204995,378.1,-,-,-,original,LNS(1s)+wPBS-MLA*
LNS(1s)+wPBS-MLA*,10,10,N/A,N/A,N/A,-,-,-,reimplementation,LNS(1s)+wPBS-MLA*
LNS(1s)+wPBS-MLA*,10,500,1192,211858,372.5,-,-,-,original,LNS(1s)+wPBS-MLA*
LNS(1s)+wPBS-MLA*,10,500,N/A,N/A,N/A,-,-,-,reimplementation,LNS(1s)+wPBS-MLA*
LNS(1s)+wPBS-MLA*,20,0.2,2511,12467,816.4,-,-,-,original,LNS(1s)+wPBS-MLA*
LNS(1s)+wPBS-MLA*,20,0.2,2515,12320,872.2,+0.2%,-1.2%,+6.8%,reimplementation,LNS(1s)+wPBS-MLA*
LNS(1s)+wPBS-MLA*,20,0.5,1036,13209,774.9,-,-,-,original,LNS(1s)+wPBS-MLA*
LNS(1s)+wPBS-MLA*,20,0.5,1032,13309,714.2,-0.4%,+0.8%,-7.8%,reimplementation,LNS(1s)+wPBS-MLA*
LNS(1s)+wPBS-MLA*,20,1,638,30482,558.7,-,-,-,original,LNS(1s)+wPBS-MLA*
LNS(1s)+wPBS-MLA*,20,1,659,37198,800.1,+3.3%,+22.0%,+43.2%,reimplementation,LNS(1s)+wPBS-MLA*
LNS(1s)+wPBS-MLA*,20,2,606,65437,413.2,-,-,-,original,LNS(1s)+wPBS-MLA*
LNS(1s)+wPBS-MLA*,20,2,621,69539,452.1,+2.5%,+6.3%,+9.4%,reimplementation,LNS(1s)+wPBS-MLA*
LNS(1s)+wPBS-MLA*,20,5,605,92093,360.0,-,-,-,original,LNS(1s)+wPBS-MLA*
LNS(1s)+wPBS-MLA*,20,5,605,95904,394.8,+0.0%,+4.1%,+9.7%,reimplementation,LNS(1s)+wPBS-MLA*
LNS(1s)+wPBS-MLA*,20,10,587,100635,338.4,-,-,-,original,LNS(1s)+wPBS-MLA*
LNS(1s)+wPBS-MLA*,20,10,622,105633,389.3,+6.0%,+5.0%,+15.0%,reimplementation,LNS(1s)+wPBS-MLA*
LNS(1s)+wPBS-MLA*,20,500,590,109873,331.2,-,-,-,original,LNS(1s)+wPBS-MLA*
LNS(1s)+wPBS-MLA*,20,500,610,112690,391.3,+3.4%,+2.6%,+18.1%,reimplementation,LNS(1s)+wPBS-MLA*
LNS(1s)+wPBS-MLA*,30,0.2,2512,12048,774.4,-,-,-,original,LNS(1s)+wPBS-MLA*
LNS(1s)+wPBS-MLA*,30,0.2,,,,,,,not_run,LNS(1s)+wPBS-MLA*
LNS(1s)+wPBS-MLA*,30,0.5,1030,12264,714.8,-,-,-,original,LNS(1s)+wPBS-MLA*
LNS(1s)+wPBS-MLA*,30,0.5,,,,,,,not_run,LNS(1s)+wPBS-MLA*
LNS(1s)+wPBS-MLA*,30,1,530,13466,535.0,-,-,-,original,LNS(1s)+wPBS-MLA*
LNS(1s)+wPBS-MLA*,30,1,,,,,,,not_run,LNS(1s)+wPBS-MLA*
LNS(1s)+wPBS-MLA*,30,2,439,34682,430.3,-,-,-,original,LNS(1s)+wPBS-MLA*
LNS(1s)+wPBS-MLA*,30,2,,,,,,,not_run,LNS(1s)+wPBS-MLA*
LNS(1s)+wPBS-MLA*,30,5,420,58349,314.4,-,-,-,original,LNS(1s)+wPBS-MLA*
LNS(1s)+wPBS-MLA*,30,5,,,,,,,not_run,LNS(1s)+wPBS-MLA*
LNS(1s)+wPBS-MLA*,30,10,398,66856,310.3,-,-,-,original,LNS(1s)+wPBS-MLA*
LNS(1s)+wPBS-MLA*,30,10,,,,,,,not_run,LNS(1s)+wPBS-MLA*
LNS(1s)+wPBS-MLA*,30,500,389,75561,287.8,-,-,-,original,LNS(1s)+wPBS-MLA*
LNS(1s)+wPBS-MLA*,30,500,,,,,,,not_run,LNS(1s)+wPBS-MLA*
LNS(1s)+wPBS-MLA*,40,0.2,2511,11915,777.8,-,-,-,original,LNS(1s)+wPBS-MLA*
LNS(1s)+wPBS-MLA*,40,0.2,,,,,,,not_run,LNS(1s)+wPBS-MLA*
LNS(1s)+wPBS-MLA*,40,0.5,1031,11984,812.2,-,-,-,original,LNS(1s)+wPBS-MLA*
LNS(1s)+wPBS-MLA*,40,0.5,,,,,,,not_run,LNS(1s)+wPBS-MLA*
LNS(1s)+wPBS-MLA*,40,1,528,12522,538.5,-,-,-,original,LNS(1s)+wPBS-MLA*
LNS(1s)+wPBS-MLA*,40,1,,,,,,,not_run,LNS(1s)+wPBS-MLA*
LNS(1s)+wPBS-MLA*,40,2,343,21699,308.9,-,-,-,original,LNS(1s)+wPBS-MLA*
LNS(1s)+wPBS-MLA*,40,2,,,,,,,not_run,LNS(1s)+wPBS-MLA*
LNS(1s)+wPBS-MLA*,40,5,322,42255,297.7,-,-,-,original,LNS(1s)+wPBS-MLA*
LNS(1s)+wPBS-MLA*,40,5,,,,,,,not_run,LNS(1s)+wPBS-MLA*
LNS(1s)+wPBS-MLA*,40,10,309,50886,228.7,-,-,-,original,LNS(1s)+wPBS-MLA*
LNS(1s)+wPBS-MLA*,40,10,,,,,,,not_run,LNS(1s)+wPBS-MLA*
LNS(1s)+wPBS-MLA*,40,500,308,58853,233.5,-,-,-,original,LNS(1s)+wPBS-MLA*
LNS(1s)+wPBS-MLA*,40,500,,,,,,,not_run,LNS(1s)+wPBS-MLA*
LNS(1s)+wPBS-MLA*,50,0.2,2512,11779,284.1,-,-,-,original,LNS(1s)+wPBS-MLA*
LNS(1s)+wPBS-MLA*,50,0.2,N/A,N/A,N/A,-,-,-,reimplementation,LNS(1s)+wPBS-MLA*
LNS(1s)+wPBS-MLA*,50,0.5,1030,11935,678.1,-,-,-,original,LNS(1s)+wPBS-MLA*
LNS(1s)+wPBS-MLA*,50,0.5,N/A,N/A,N/A,-,-,-,reimplementation,LNS(1s)+wPBS-MLA*
LNS(1s)+wPBS-MLA*,50,1,526,12269,966.6,-,-,-,original,LNS(1s)+wPBS-MLA*
LNS(1s)+wPBS-MLA*,50,1,N/A,N/A,N/A,-,-,-,reimplementation,LNS(1s)+wPBS-MLA*
LNS(1s)+wPBS-MLA*,50,2,301,14396,867.6,-,-,-,original,LNS(1s)+wPBS-MLA*
LNS(1s)+wPBS-MLA*,50,2,N/A,N/A,N/A,-,-,-,reimplementation,LNS(1s)+wPBS-MLA*
LNS(1s)+wPBS-MLA*,50,5,275,33860,741.9,-,-,-,original,LNS(1s)+wPBS-MLA*
LNS(1s)+wPBS-MLA*,50,5,N/A,N/A,N/A,-,-,-,reimplementation,LNS(1s)+wPBS-MLA*
LNS(1s)+wPBS-MLA*,50,10,260,41321,778.4,-,-,-,original,LNS(1s)+wPBS-MLA*
LNS(1s)+wPBS-MLA*,50,10,N/A,N/A,N/A,-,-,-,reimplementation,LNS(1s)+wPBS-MLA*
LNS(1s)+wPBS-MLA*,50,500,249,50138,763.0,-,-,-,original,LNS(1s)+wPBS-MLA*
LNS(1s)+wPBS-MLA*,50,500,N/A,N/A,N/A,-,-,-,reimplementation,LNS(1s)+wPBS-MLA*
LNS(1s)+wPBS-MLSIPP,10,0.2,N/A,N/A,N/A,-,-,-,reimplementation,LNS(1s)+wPBS-MLSIPP
LNS(1s)+wPBS-MLSIPP,10,0.5,N/A,N/A,N/A,-,-,-,reimplementation,LNS(1s)+wPBS-MLSIPP
LNS(1s)+wPBS-MLSIPP,10,1,N/A,N/A,N/A,-,-,-,reimplementation,LNS(1s)+wPBS-MLSIPP
LNS(1s)+wPBS-MLSIPP,10,2,N/A,N/A,N/A,-,-,-,reimplementation,LNS(1s)+wPBS-MLSIPP
LNS(1s)+wPBS-MLSIPP,10,5,N/A,N/A,N/A,-,-,-,reimplementation,LNS(1s)+wPBS-MLSIPP
LNS(1s)+wPBS-MLSIPP,10,10,N/A,N/A,N/A,-,-,-,reimplementation,LNS(1s)+wPBS-MLSIPP
LNS(1s)+wPBS-MLSIPP,10,500,N/A,N/A,N/A,-,-,-,reimplementation,LNS(1s)+wPBS-MLSIPP
LNS(1s)+wPBS-MLSIPP,50,0.2,N/A,N/A,N/A,-,-,-,reimplementation,LNS(1s)+wPBS-MLSIPP
LNS(1s)+wPBS-MLSIPP,50,0.5,N/A,N/A,N/A,-,-,-,reimplementation,LNS(1s)+wPBS-MLSIPP
LNS(1s)+wPBS-MLSIPP,50,1,N/A,N/A,N/A,-,-,-,reimplementation,LNS(1s)+wPBS-MLSIPP
LNS(1s)+wPBS-MLSIPP,50,2,N/A,N/A,N/A,-,-,-,reimplementation,LNS(1s)+wPBS-MLSIPP
LNS(1s)+wPBS-MLSIPP,50,5,N/A,N/A,N/A,-,-,-,reimplementation,LNS(1s)+wPBS-MLSIPP
LNS(1s)+wPBS-MLSIPP,50,10,N/A,N/A,N/A,-,-,-,reimplementation,LNS(1s)+wPBS-MLSIPP
LNS(1s)+wPBS-MLSIPP,50,500,N/A,N/A,N/A,-,-,-,reimplementation,LNS(1s)+wPBS-MLSIPP
TA-Hybrid-STA*,10,500,1050,264705,1.6,no_orig,no_orig,no_orig,reimplementation,TA-Hybrid-STA*
TA-Hybrid-STA*,50,500,238,61359,9.8,no_orig,no_orig,no_orig,reimplementation,TA-Hybrid-STA*
TA-Prioritized-STA*,10,500,1053,262854,0.6,-,-,-,original,TA-Prioritized-STA*
TA-Prioritized-STA*,10,500,1060,263400,0.0,+0.7%,diff metric,-91.8%,reimplementation,TA-Prioritized-STA*
TA-Prioritized-STA*,20,500,548,137803,0.9,-,-,-,original,TA-Prioritized-STA*
TA-Prioritized-STA*,20,500,542,137393,11.4,-1.1%,diff metric,+1166.7%,reimplementation,TA-Prioritized-STA*
TA-Prioritized-STA*,30,500,376,92511,0.9,-,-,-,original,TA-Prioritized-STA*
TA-Prioritized-STA*,30,500,366,92244,9.0,-2.7%,diff metric,+900.0%,reimplementation,TA-Prioritized-STA*
TA-Prioritized-STA*,40,500,283,73001,0.9,-,-,-,original,TA-Prioritized-STA*
TA-Prioritized-STA*,40,500,282,72478,7.0,-0.4%,diff metric,+677.8%,reimplementation,TA-Prioritized-STA*
TA-Prioritized-STA*,50,500,238,59970,0.7,-,-,-,original,TA-Prioritized-STA*
TA-Prioritized-STA*,50,500,236,59914,0.2,-0.8%,diff metric,-73.0%,reimplementation,TA-Prioritized-STA*
TP-SIPP,10,0.2,2532,19270,0.9,-,-,-,original,TP-STA*
TP-SIPP,10,0.2,2540,19108,0.1,+0.3%,-0.8%,-84.2%,reimplementation,TP-STA*
TP-SIPP,10,0.5,1309,66393,0.3,-,-,-,original,TP-STA*
TP-SIPP,10,0.5,1239,57260,0.1,-5.3%,-13.8%,-67.8%,reimplementation,TP-STA*
TP-SIPP,10,1,1198,155890,0.3,-,-,-,original,TP-STA*
TP-SIPP,10,1,1142,144193,0.1,-4.7%,-7.5%,-70.7%,reimplementation,TP-STA*
TP-SIPP,10,2,1167,203809,0.3,-,-,-,original,TP-STA*
TP-SIPP,10,2,1127,198471,0.1,-3.4%,-2.6%,-69.4%,reimplementation,TP-STA*
TP-SIPP,10,5,1162,236892,0.3,-,-,-,original,TP-STA*
TP-SIPP,10,5,1116,228670,0.1,-4.0%,-3.5%,-68.3%,reimplementation,TP-STA*
TP-SIPP,10,10,1163,247964,0.3,-,-,-,original,TP-STA*
TP-SIPP,10,10,1127,243177,0.1,-3.1%,-1.9%,-68.4%,reimplementation,TP-STA*
TP-SIPP,10,500,1136,256428,0.3,-,-,-,original,TP-STA*
TP-SIPP,10,500,1080,248784,0.1,-4.9%,-3.0%,-68.7%,reimplementation,TP-STA*
TP-SIPP,20,0.2,2540,19887,2.5,-,-,-,original,TP-STA*
TP-SIPP,20,0.2,,,,,,,not_implemented,TP-STA*
TP-SIPP,20,0.5,1094,21345,2.3,-,-,-,original,TP-STA*
TP-SIPP,20,0.5,,,,,,,not_implemented,TP-STA*
TP-SIPP,20,1,757,47992,0.6,-,-,-,original,TP-STA*
TP-SIPP,20,1,,,,,,,not_implemented,TP-STA*
TP-SIPP,20,2,683,95380,0.5,-,-,-,original,TP-STA*
TP-SIPP,20,2,,,,,,,not_implemented,TP-STA*
TP-SIPP,20,5,655,123540,0.3,-,-,-,original,TP-STA*
TP-SIPP,20,5,,,,,,,not_implemented,TP-STA*
TP-SIPP,20,10,643,137618,0.4,-,-,-,original,TP-STA*
TP-SIPP,20,10,,,,,,,not_implemented,TP-STA*
TP-SIPP,20,500,634,141526,0.4,-,-,-,original,TP-STA*
TP-SIPP,20,500,,,,,,,not_implemented,TP-STA*
TP-SIPP,30,0.2,2546,19354,5.3,-,-,-,original,TP-STA*
TP-SIPP,30,0.2,,,,,,,not_implemented,TP-STA*
TP-SIPP,30,0.5,1069,21983,5.4,-,-,-,original,TP-STA*
TP-SIPP,30,0.5,,,,,,,not_implemented,TP-STA*
TP-SIPP,30,1,607,26902,1.3,-,-,-,original,TP-STA*
TP-SIPP,30,1,,,,,,,not_implemented,TP-STA*
TP-SIPP,30,2,529,57197,1.1,-,-,-,original,TP-STA*
TP-SIPP,30,2,,,,,,,not_implemented,TP-STA*
TP-SIPP,30,5,478,85391,1.0,-,-,-,original,TP-STA*
TP-SIPP,30,5,,,,,,,not_implemented,TP-STA*
TP-SIPP,30,10,526,96007,1.2,-,-,-,original,TP-STA*
TP-SIPP,30,10,,,,,,,not_implemented,TP-STA*
TP-SIPP,30,500,432,96677,0.6,-,-,-,original,TP-STA*
TP-SIPP,30,500,,,,,,,not_implemented,TP-STA*
TP-SIPP,40,0.2,2540,19439,11.8,-,-,-,original,TP-STA*
TP-SIPP,40,0.2,,,,,,,not_implemented,TP-STA*
TP-SIPP,40,0.5,1090,21505,11.6,-,-,-,original,TP-STA*
TP-SIPP,40,0.5,,,,,,,not_implemented,TP-STA*
TP-SIPP,40,1,624,24399,12.4,-,-,-,original,TP-STA*
TP-SIPP,40,1,,,,,,,not_implemented,TP-STA*
TP-SIPP,40,2,464,47660,2.5,-,-,-,original,TP-STA*
TP-SIPP,40,2,,,,,,,not_implemented,TP-STA*
TP-SIPP,40,5,418,77663,3.1,-,-,-,original,TP-STA*
TP-SIPP,40,5,,,,,,,not_implemented,TP-STA*
TP-SIPP,40,10,407,77316,2.6,-,-,-,original,TP-STA*
TP-SIPP,40,10,,,,,,,not_implemented,TP-STA*
TP-SIPP,40,500,364,78819,2.1,-,-,-,original,TP-STA*
TP-SIPP,40,500,,,,,,,not_implemented,TP-STA*
TP-SIPP,50,0.2,2540,20016,29.9,-,-,-,original,TP-STA*
TP-SIPP,50,0.2,2535,18957,0.4,-0.2%,-5.3%,-98.8%,reimplementation,TP-STA*
TP-SIPP,50,0.5,1083,21832,25.1,-,-,-,original,TP-STA*
TP-SIPP,50,0.5,1094,20250,0.4,+1.0%,-7.2%,-98.4%,reimplementation,TP-STA*
TP-SIPP,50,1,597,24570,29.0,-,-,-,original,TP-STA*
TP-SIPP,50,1,N/A,N/A,N/A,-,-,-,reimplementation,TP-STA*
TP-SIPP,50,2,432,37817,21.8,-,-,-,original,TP-STA*
TP-SIPP,50,2,365,22581,0.4,-15.5%,-40.3%,-98.3%,reimplementation,TP-STA*
TP-SIPP,50,5,395,62294,9.1,-,-,-,original,TP-STA*
TP-SIPP,50,5,325,45713,0.4,-17.7%,-26.6%,-95.9%,reimplementation,TP-STA*
TP-SIPP,50,10,333,65711,4.3,-,-,-,original,TP-STA*
TP-SIPP,50,10,324,54267,0.4,-2.7%,-17.4%,-91.4%,reimplementation,TP-STA*
TP-SIPP,50,500,336,68302,14.3,-,-,-,original,TP-STA*
TP-SIPP,50,500,294,59958,0.4,-12.5%,-12.2%,-97.5%,reimplementation,TP-STA*
TP-STA*,10,0.2,2532,19270,0.9,-,-,-,original,TP-STA*
TP-STA*,10,0.2,2541,19356,0.1,+0.4%,+0.4%,-87.5%,reimplementation,TP-STA*
TP-STA*,10,0.5,1309,66393,0.3,-,-,-,original,TP-STA*
TP-STA*,10,0.5,1271,66312,0.1,-2.9%,-0.1%,-72.9%,reimplementation,TP-STA*
TP-STA*,10,1,1198,155890,0.3,-,-,-,original,TP-STA*
TP-STA*,10,1,1210,154848,0.1,+1.0%,-0.7%,-72.4%,reimplementation,TP-STA*
TP-STA*,10,2,1167,203809,0.3,-,-,-,original,TP-STA*
TP-STA*,10,2,1173,206073,0.1,+0.5%,+1.1%,-71.1%,reimplementation,TP-STA*
TP-STA*,10,5,1162,236892,0.3,-,-,-,original,TP-STA*
TP-STA*,10,5,1162,235716,0.1,+0.0%,-0.5%,-76.7%,reimplementation,TP-STA*
TP-STA*,10,10,1163,247964,0.3,-,-,-,original,TP-STA*
TP-STA*,10,10,1144,245405,0.1,-1.6%,-1.0%,-76.7%,reimplementation,TP-STA*
TP-STA*,10,500,1136,256428,0.3,-,-,-,original,TP-STA*
TP-STA*,10,500,1136,256428,0.1,+0.0%,+0.0%,-75.9%,reimplementation,TP-STA*
TP-STA*,20,0.2,2540,19887,2.5,-,-,-,original,TP-STA*
TP-STA*,20,0.2,2540,19108,0.1,+0.0%,-3.9%,-96.0%,reimplementation,TP-STA*
TP-STA*,20,0.5,1094,21345,2.3,-,-,-,original,TP-STA*
TP-STA*,20,0.5,1068,21724,0.2,-2.4%,+1.8%,-91.3%,reimplementation,TP-STA*
TP-STA*,20,1,757,47992,0.6,-,-,-,original,TP-STA*
TP-STA*,20,1,708,45336,0.1,-6.5%,-5.5%,-83.3%,reimplementation,TP-STA*
TP-STA*,20,2,683,95380,0.5,-,-,-,original,TP-STA*
TP-STA*,20,2,686,89402,0.1,+0.4%,-6.3%,-80.0%,reimplementation,TP-STA*
TP-STA*,20,5,655,123540,0.3,-,-,-,original,TP-STA*
TP-STA*,20,5,645,122120,0.1,-1.5%,-1.1%,-66.7%,reimplementation,TP-STA*
TP-STA*,20,10,643,137618,0.4,-,-,-,original,TP-STA*
TP-STA*,20,10,681,137836,0.1,+5.9%,+0.2%,-75.0%,reimplementation,TP-STA*
TP-STA*,20,500,634,141526,0.4,-,-,-,original,TP-STA*
TP-STA*,20,500,629,140789,0.1,-0.8%,-0.5%,-75.0%,reimplementation,TP-STA*
TP-STA*,30,0.2,2546,19354,5.3,-,-,-,original,TP-STA*
TP-STA*,30,0.2,2533,19581,0.2,-0.5%,+1.2%,-96.2%,reimplementation,TP-STA*
TP-STA*,30,0.5,1069,21983,5.4,-,-,-,original,TP-STA*
TP-STA*,30,0.5,1082,22495,0.3,+1.2%,+2.3%,-94.4%,reimplementation,TP-STA*
TP-STA*,30,1,607,26902,1.3,-,-,-,original,TP-STA*
TP-STA*,30,1,614,24384,0.3,+1.2%,-9.4%,-76.9%,reimplementation,TP-STA*
TP-STA*,30,2,529,57197,1.1,-,-,-,original,TP-STA*
TP-STA*,30,2,545,58179,0.2,+3.0%,+1.7%,-81.8%,reimplementation,TP-STA*
TP-STA*,30,5,478,85391,1.0,-,-,-,original,TP-STA*
TP-STA*,30,5,503,84746,0.2,+5.2%,-0.8%,-80.0%,reimplementation,TP-STA*
TP-STA*,30,10,526,96007,1.2,-,-,-,original,TP-STA*
TP-STA*,30,10,515,98132,0.2,-2.1%,+2.2%,-83.3%,reimplementation,TP-STA*
TP-STA*,30,500,432,96677,0.6,-,-,-,original,TP-STA*
TP-STA*,30,500,447,99252,0.2,+3.5%,+2.7%,-66.7%,reimplementation,TP-STA*
TP-STA*,40,0.2,2540,19439,11.8,-,-,-,original,TP-STA*
TP-STA*,40,0.2,2541,19520,0.2,+0.0%,+0.4%,-98.3%,reimplementation,TP-STA*
TP-STA*,40,0.5,1090,21505,11.6,-,-,-,original,TP-STA*
TP-STA*,40,0.5,1082,22433,0.3,-0.7%,+4.3%,-97.4%,reimplementation,TP-STA*
TP-STA*,40,1,624,24399,12.4,-,-,-,original,TP-STA*
TP-STA*,40,1,604,24417,0.5,-3.2%,+0.1%,-96.0%,reimplementation,TP-STA*
TP-STA*,40,2,464,47660,2.5,-,-,-,original,TP-STA*
TP-STA*,40,2,493,46540,0.5,+6.2%,-2.3%,-80.0%,reimplementation,TP-STA*
TP-STA*,40,5,418,77663,3.1,-,-,-,original,TP-STA*
TP-STA*,40,5,445,70560,0.4,+6.5%,-9.1%,-87.1%,reimplementation,TP-STA*
TP-STA*,40,10,407,77316,2.6,-,-,-,original,TP-STA*
TP-STA*,40,10,385,76654,0.4,-5.4%,-0.9%,-84.6%,reimplementation,TP-STA*
TP-STA*,40,500,364,78819,2.1,-,-,-,original,TP-STA*
TP-STA*,40,500,373,79189,0.3,+2.5%,+0.5%,-85.7%,reimplementation,TP-STA*
TP-STA*,50,0.2,2540,20016,29.9,-,-,-,original,TP-STA*
TP-STA*,50,0.2,2541,19515,0.4,+0.0%,-2.5%,-98.6%,reimplementation,TP-STA*
TP-STA*,50,0.5,1083,21832,25.1,-,-,-,original,TP-STA*
TP-STA*,50,0.5,1093,21682,0.7,+0.9%,-0.7%,-97.1%,reimplementation,TP-STA*
TP-STA*,50,1,597,24570,29.0,-,-,-,original,TP-STA*
TP-STA*,50,1,601,25581,1.1,+0.7%,+4.1%,-96.1%,reimplementation,TP-STA*
TP-STA*,50,2,432,37817,21.8,-,-,-,original,TP-STA*
TP-STA*,50,2,394,30598,0.8,-8.8%,-19.1%,-96.1%,reimplementation,TP-STA*
TP-STA*,50,5,395,62294,9.1,-,-,-,original,TP-STA*
TP-STA*,50,5,417,61282,0.9,+5.6%,-1.6%,-89.7%,reimplementation,TP-STA*
TP-STA*,50,10,333,65711,4.3,-,-,-,original,TP-STA*
TP-STA*,50,10,354,67941,0.8,+6.3%,+3.4%,-80.5%,reimplementation,TP-STA*
TP-STA*,50,500,336,68302,14.3,-,-,-,original,TP-STA*
TP-STA*,50,500,331,69946,0.7,-1.5%,+2.4%,-95.1%,reimplementation,TP-STA*
TPTS-SIPP,10,0.2,2532,14666,0.9,-,-,-,original,TPTS-STA*
TPTS-SIPP,10,0.2,2514,14173,0.8,-0.7%,-3.4%,-9.7%,reimplementation,TPTS-STA*
TPTS-SIPP,10,0.5,1274,65574,0.3,-,-,-,original,TPTS-STA*
TPTS-SIPP,10,0.5,1232,56326,0.1,-3.3%,-14.1%,-57.7%,reimplementation,TPTS-STA*
TPTS-SIPP,10,1,1182,150514,0.3,-,-,-,original,TPTS-STA*
TPTS-SIPP,10,1,1138,141706,0.1,-3.7%,-5.9%,-60.2%,reimplementation,TPTS-STA*
TPTS-SIPP,10,2,1168,203618,0.3,-,-,-,original,TPTS-STA*
TPTS-SIPP,10,2,1143,199183,0.1,-2.1%,-2.2%,-56.7%,reimplementation,TPTS-STA*
TPTS-SIPP,10,5,1165,236590,0.3,-,-,-,original,TPTS-STA*
TPTS-SIPP,10,5,1097,225730,0.1,-5.8%,-4.6%,-55.8%,reimplementation,TPTS-STA*
TPTS-SIPP,10,10,1172,252631,0.3,-,-,-,original,TPTS-STA*
TPTS-SIPP,10,10,1107,238588,0.1,-5.5%,-5.6%,-51.9%,reimplementation,TPTS-STA*
TPTS-SIPP,10,500,1105,254750,0.3,-,-,-,original,TPTS-STA*
TPTS-SIPP,10,500,1088,248817,0.1,-1.5%,-2.3%,-52.6%,reimplementation,TPTS-STA*
TPTS-SIPP,20,0.2,2520,12682,2.5,-,-,-,original,TPTS-STA*
TPTS-SIPP,20,0.2,,,,,,,not_implemented,TPTS-STA*
TPTS-SIPP,20,0.5,1038,15369,2.3,-,-,-,original,TPTS-STA*
TPTS-SIPP,20,0.5,,,,,,,not_implemented,TPTS-STA*
TPTS-SIPP,20,1,706,44126,0.6,-,-,-,original,TPTS-STA*
TPTS-SIPP,20,1,,,,,,,not_implemented,TPTS-STA*
TPTS-SIPP,20,2,667,90517,0.5,-,-,-,original,TPTS-STA*
TPTS-SIPP,20,2,,,,,,,not_implemented,TPTS-STA*
TPTS-SIPP,20,5,645,119012,0.3,-,-,-,original,TPTS-STA*
TPTS-SIPP,20,5,,,,,,,not_implemented,TPTS-STA*
TPTS-SIPP,20,10,645,129182,0.4,-,-,-,original,TPTS-STA*
TPTS-SIPP,20,10,,,,,,,not_implemented,TPTS-STA*
TPTS-SIPP,20,500,640,143386,0.4,-,-,-,original,TPTS-STA*
TPTS-SIPP,20,500,,,,,,,not_implemented,TPTS-STA*
TPTS-SIPP,30,0.2,2527,11942,5.3,-,-,-,original,TPTS-STA*
TPTS-SIPP,30,0.2,,,,,,,not_implemented,TPTS-STA*
TPTS-SIPP,30,0.5,1035,13568,5.4,-,-,-,original,TPTS-STA*
TPTS-SIPP,30,0.5,,,,,,,not_implemented,TPTS-STA*
TPTS-SIPP,30,1,561,21421,1.3,-,-,-,original,TPTS-STA*
TPTS-SIPP,30,1,,,,,,,not_implemented,TPTS-STA*
TPTS-SIPP,30,2,496,51346,1.1,-,-,-,original,TPTS-STA*
TPTS-SIPP,30,2,,,,,,,not_implemented,TPTS-STA*
TPTS-SIPP,30,5,474,83829,1.0,-,-,-,original,TPTS-STA*
TPTS-SIPP,30,5,,,,,,,not_implemented,TPTS-STA*
TPTS-SIPP,30,10,491,99152,1.2,-,-,-,original,TPTS-STA*
TPTS-SIPP,30,10,,,,,,,not_implemented,TPTS-STA*
TPTS-SIPP,30,500,444,97516,0.6,-,-,-,original,TPTS-STA*
TPTS-SIPP,30,500,,,,,,,not_implemented,TPTS-STA*
TPTS-SIPP,40,0.2,2524,11749,11.8,-,-,-,original,TPTS-STA*
TPTS-SIPP,40,0.2,,,,,,,not_implemented,TPTS-STA*
TPTS-SIPP,40,0.5,1038,12991,11.6,-,-,-,original,TPTS-STA*
TPTS-SIPP,40,0.5,,,,,,,not_implemented,TPTS-STA*
TPTS-SIPP,40,1,563,15996,12.4,-,-,-,original,TPTS-STA*
TPTS-SIPP,40,1,,,,,,,not_implemented,TPTS-STA*
TPTS-SIPP,40,2,425,36294,2.5,-,-,-,original,TPTS-STA*
TPTS-SIPP,40,2,,,,,,,not_implemented,TPTS-STA*
TPTS-SIPP,40,5,396,65681,3.1,-,-,-,original,TPTS-STA*
TPTS-SIPP,40,5,,,,,,,not_implemented,TPTS-STA*
TPTS-SIPP,40,10,389,76244,2.6,-,-,-,original,TPTS-STA*
TPTS-SIPP,40,10,,,,,,,not_implemented,TPTS-STA*
TPTS-SIPP,40,500,370,78691,2.1,-,-,-,original,TPTS-STA*
TPTS-SIPP,40,500,,,,,,,not_implemented,TPTS-STA*
TPTS-SIPP,50,0.2,2524,11553,29.9,-,-,-,original,TPTS-STA*
TPTS-SIPP,50,0.2,2515,11250,28.8,-0.4%,-2.6%,-3.7%,reimplementation,TPTS-STA*
TPTS-SIPP,50,0.5,1036,12609,25.1,-,-,-,original,TPTS-STA*
TPTS-SIPP,50,0.5,1036,12079,16.3,+0.0%,-4.2%,-34.9%,reimplementation,TPTS-STA*
TPTS-SIPP,50,1,554,15134,29.0,-,-,-,original,TPTS-STA*
TPTS-SIPP,50,1,553,13141,7.2,-0.2%,-13.2%,-75.1%,reimplementation,TPTS-STA*
TPTS-SIPP,50,2,383,29030,21.8,-,-,-,original,TPTS-STA*
TPTS-SIPP,50,2,326,19733,1.6,-14.9%,-32.0%,-92.5%,reimplementation,TPTS-STA*
TPTS-SIPP,50,5,343,52428,9.1,-,-,-,original,TPTS-STA*
TPTS-SIPP,50,5,304,42562,1.3,-11.4%,-18.8%,-85.3%,reimplementation,TPTS-STA*
TPTS-SIPP,50,10,319,63482,4.3,-,-,-,original,TPTS-STA*
TPTS-SIPP,50,10,291,53356,1.0,-8.8%,-16.0%,-76.1%,reimplementation,TPTS-STA*
TPTS-SIPP,50,500,338,68049,14.3,-,-,-,original,TPTS-STA*
TPTS-SIPP,50,500,267,59535,0.6,-21.0%,-12.5%,-95.9%,reimplementation,TPTS-STA*
TPTS-STA*,10,0.2,2532,14666,0.9,-,-,-,original,TPTS-STA*
TPTS-STA*,10,0.2,2527,14687,1.0,-0.2%,+0.1%,+6.2%,reimplementation,TPTS-STA*
TPTS-STA*,10,0.5,1274,65574,0.3,-,-,-,original,TPTS-STA*
TPTS-STA*,10,0.5,1270,64482,0.1,-0.3%,-1.7%,-60.5%,reimplementation,TPTS-STA*
TPTS-STA*,10,1,1182,150514,0.3,-,-,-,original,TPTS-STA*
TPTS-STA*,10,1,1186,150516,0.1,+0.3%,+0.0%,-61.7%,reimplementation,TPTS-STA*
TPTS-STA*,10,2,1168,203618,0.3,-,-,-,original,TPTS-STA*
TPTS-STA*,10,2,1153,203220,0.1,-1.3%,-0.2%,-66.9%,reimplementation,TPTS-STA*
TPTS-STA*,10,5,1165,236590,0.3,-,-,-,original,TPTS-STA*
TPTS-STA*,10,5,1131,231517,0.1,-2.9%,-2.1%,-67.2%,reimplementation,TPTS-STA*
TPTS-STA*,10,10,1172,252631,0.3,-,-,-,original,TPTS-STA*
TPTS-STA*,10,10,1155,246370,0.1,-1.5%,-2.5%,-57.2%,reimplementation,TPTS-STA*
TPTS-STA*,10,500,1105,254750,0.3,-,-,-,original,TPTS-STA*
TPTS-STA*,10,500,1113,256056,0.1,+0.7%,+0.5%,-67.4%,reimplementation,TPTS-STA*
TPTS-STA*,20,0.2,2520,12682,2.5,-,-,-,original,TPTS-STA*
TPTS-STA*,20,0.2,2520,12682,2.5,+0.0%,+0.0%,+0.0%,reimplementation,TPTS-STA*
TPTS-STA*,20,0.5,1038,15369,2.3,-,-,-,original,TPTS-STA*
TPTS-STA*,20,0.5,1040,15403,1.7,+0.2%,+0.2%,-26.1%,reimplementation,TPTS-STA*
TPTS-STA*,20,1,706,44126,0.6,-,-,-,original,TPTS-STA*
TPTS-STA*,20,1,687,43998,0.2,-2.7%,-0.3%,-66.7%,reimplementation,TPTS-STA*
TPTS-STA*,20,2,667,90517,0.5,-,-,-,original,TPTS-STA*
TPTS-STA*,20,2,654,86651,0.2,-1.9%,-4.3%,-60.0%,reimplementation,TPTS-STA*
TPTS-STA*,20,5,645,119012,0.3,-,-,-,original,TPTS-STA*
TPTS-STA*,20,5,653,121982,0.2,+1.2%,+2.5%,-33.3%,reimplementation,TPTS-STA*
TPTS-STA*,20,10,645,129182,0.4,-,-,-,original,TPTS-STA*
TPTS-STA*,20,10,637,132791,0.2,-1.2%,+2.8%,-50.0%,reimplementation,TPTS-STA*
TPTS-STA*,20,500,640,143386,0.4,-,-,-,original,TPTS-STA*
TPTS-STA*,20,500,622,138520,0.2,-2.8%,-3.4%,-50.0%,reimplementation,TPTS-STA*
TPTS-STA*,30,0.2,2527,11942,5.3,-,-,-,original,TPTS-STA*
TPTS-STA*,30,0.2,2527,11942,5.1,+0.0%,+0.0%,-3.8%,reimplementation,TPTS-STA*
TPTS-STA*,30,0.5,1035,13568,5.4,-,-,-,original,TPTS-STA*
TPTS-STA*,30,0.5,1035,13572,4.2,+0.0%,+0.0%,-22.2%,reimplementation,TPTS-STA*
TPTS-STA*,30,1,561,21421,1.3,-,-,-,original,TPTS-STA*
TPTS-STA*,30,1,585,21918,0.8,+4.3%,+2.3%,-38.5%,reimplementation,TPTS-STA*
TPTS-STA*,30,2,496,51346,1.1,-,-,-,original,TPTS-STA*
TPTS-STA*,30,2,491,52221,0.7,-1.0%,+1.7%,-36.4%,reimplementation,TPTS-STA*
TPTS-STA*,30,5,474,83829,1.0,-,-,-,original,TPTS-STA*
TPTS-STA*,30,5,511,83167,0.5,+7.8%,-0.8%,-50.0%,reimplementation,TPTS-STA*
TPTS-STA*,30,10,491,99152,1.2,-,-,-,original,TPTS-STA*
TPTS-STA*,30,10,488,100318,1.0,-0.6%,+1.2%,-16.7%,reimplementation,TPTS-STA*
TPTS-STA*,30,500,444,97516,0.6,-,-,-,original,TPTS-STA*
TPTS-STA*,30,500,450,97831,0.5,+1.4%,+0.3%,-16.7%,reimplementation,TPTS-STA*
TPTS-STA*,40,0.2,2524,11749,11.8,-,-,-,original,TPTS-STA*
TPTS-STA*,40,0.2,2524,11748,10.4,+0.0%,-0.0%,-11.9%,reimplementation,TPTS-STA*
TPTS-STA*,40,0.5,1038,12991,11.6,-,-,-,original,TPTS-STA*
TPTS-STA*,40,0.5,1037,12993,9.0,-0.1%,+0.0%,-22.4%,reimplementation,TPTS-STA*
TPTS-STA*,40,1,563,15996,12.4,-,-,-,original,TPTS-STA*
TPTS-STA*,40,1,557,16449,7.5,-1.1%,+2.8%,-39.5%,reimplementation,TPTS-STA*
TPTS-STA*,40,2,425,36294,2.5,-,-,-,original,TPTS-STA*
TPTS-STA*,40,2,419,34947,1.4,-1.4%,-3.7%,-44.0%,reimplementation,TPTS-STA*
TPTS-STA*,40,5,396,65681,3.1,-,-,-,original,TPTS-STA*
TPTS-STA*,40,5,400,66198,1.3,+1.0%,+0.8%,-58.1%,reimplementation,TPTS-STA*
TPTS-STA*,40,10,389,76244,2.6,-,-,-,original,TPTS-STA*
TPTS-STA*,40,10,420,80121,13.4,+8.0%,+5.1%,+415.4%,reimplementation,TPTS-STA*
TPTS-STA*,40,500,370,78691,2.1,-,-,-,original,TPTS-STA*
TPTS-STA*,40,500,352,79029,0.7,-4.9%,+0.4%,-66.7%,reimplementation,TPTS-STA*
TPTS-STA*,50,0.2,2524,11553,29.9,-,-,-,original,TPTS-STA*
TPTS-STA*,50,0.2,2524,11548,37.8,+0.0%,-0.0%,+26.3%,reimplementation,TPTS-STA*
TPTS-STA*,50,0.5,1036,12609,25.1,-,-,-,original,TPTS-STA*
TPTS-STA*,50,0.5,1034,12720,34.3,-0.2%,+0.9%,+36.5%,reimplementation,TPTS-STA*
TPTS-STA*,50,1,554,15134,29.0,-,-,-,original,TPTS-STA*
TPTS-STA*,50,1,562,14966,26.6,+1.4%,-1.1%,-8.2%,reimplementation,TPTS-STA*
TPTS-STA*,50,2,383,29030,21.8,-,-,-,original,TPTS-STA*
TPTS-STA*,50,2,375,29457,6.9,-2.1%,+1.5%,-68.5%,reimplementation,TPTS-STA*
TPTS-STA*,50,5,343,52428,9.1,-,-,-,original,TPTS-STA*
TPTS-STA*,50,5,330,52685,4.6,-3.8%,+0.5%,-49.0%,reimplementation,TPTS-STA*
TPTS-STA*,50,10,319,63482,4.3,-,-,-,original,TPTS-STA*
TPTS-STA*,50,10,346,65544,4.0,+8.5%,+3.2%,-7.4%,reimplementation,TPTS-STA*
TPTS-STA*,50,500,338,68049,14.3,-,-,-,original,TPTS-STA*
TPTS-STA*,50,500,351,67478,3.3,+3.8%,-0.8%,-77.0%,reimplementation,TPTS-STA*
