method,agents,freq,ms_gap%,swt_gap%,rt_gap%,trigger
CENTRAL-ECBS,10,0.2,0.40,0.60,-60.1,rt
CENTRAL-ECBS,20,0.2,0.40,1.20,-79.5,rt
CENTRAL-ECBS,30,0.2,0.00,2.00,-87.7,rt
CENTRAL-ECBS,40,0.2,-0.40,-0.40,-90.2,rt
CENTRAL-ECBS,50,0.2,-0.30,0.10,-87.8,rt
CENTRAL-ECBS,10,0.5,1.50,9.40,11.5,swt+rt
CENTRAL-ECBS,20,0.5,-0.20,2.60,-51.6,rt
CENTRAL-ECBS,30,0.5,-0.20,1.00,-77.8,rt
CENTRAL-ECBS,40,0.5,0.20,1.50,-83.0,rt
CENTRAL-ECBS,50,0.5,-0.10,0.20,-84.1,rt
CENTRAL-ECBS,10,1,-2.80,-2.90,-63.8,rt
CENTRAL-ECBS,20,1,-0.30,1.80,-39.5,rt
CENTRAL-ECBS,30,1,1.40,6.30,-11.9,swt+rt
CENTRAL-ECBS,40,1,0.40,1.70,-58.8,rt
CENTRAL-ECBS,50,1,0.00,1.40,-61.9,rt
CENTRAL-ECBS,10,2,-0.30,0.30,-61.8,rt
CENTRAL-ECBS,20,2,1.30,-2.70,-58.7,rt
CENTRAL-ECBS,30,2,6.50,7.70,-26.1,ms+swt+rt
CENTRAL-ECBS,40,2,1.60,-2.10,-41.8,rt
CENTRAL-ECBS,50,2,-0.60,-1.70,-14.9,rt
CENTRAL-ECBS,10,5,0.30,1.50,-46.6,rt
CENTRAL-ECBS,20,5,0.20,-0.90,-57.4,rt
CENTRAL-ECBS,30,5,3.80,0.60,-54.3,ms+rt
CENTRAL-ECBS,40,5,9.90,3.20,-37.0,ms+swt+rt
CENTRAL-ECBS,50,5,-6.10,1.80,-46.0,ms+rt
CENTRAL-ECBS,10,10,0.00,1.00,-48.7,rt
CENTRAL-ECBS,20,10,1.90,2.40,-54.3,rt
CENTRAL-ECBS,30,10,-0.90,0.30,-59.7,rt
CENTRAL-ECBS,40,10,2.90,-0.10,-45.2,rt
CENTRAL-ECBS,50,10,-3.60,-1.20,-76.9,ms+rt
CENTRAL-ECBS,10,500,-0.60,-1.20,-49.2,rt
CENTRAL-ECBS,20,500,2.10,0.10,-68.0,rt
CENTRAL-ECBS,30,500,-4.30,-0.50,-97.1,ms+rt
CENTRAL-ECBS,40,500,0.60,0.40,-68.3,rt
CENTRAL-ECBS,50,500,1.80,1.70,-36.6,rt
Hungarian+PBS-MLA*,10,0.2,0.10,1.00,35.0,rt
Hungarian+PBS-MLA*,20,0.2,0.00,0.20,116.5,rt
Hungarian+PBS-MLA*,30,0.2,0.10,-0.40,134.1,rt
Hungarian+PBS-MLA*,40,0.2,0.00,-1.30,127.8,rt
Hungarian+PBS-MLA*,50,0.2,0.10,-0.10,125.7,rt
Hungarian+PBS-MLA*,10,0.5,-0.30,-0.50,-72.0,rt
Hungarian+PBS-MLA*,20,0.5,-0.30,2.50,-68.6,rt
Hungarian+PBS-MLA*,30,0.5,-0.60,0.60,-51.4,rt
Hungarian+PBS-MLA*,40,0.5,-0.80,1.20,-48.8,rt
Hungarian+PBS-MLA*,50,0.5,-0.80,-0.40,-57.1,rt
Hungarian+PBS-MLA*,10,1,-0.80,0.00,-5.2,rt
Hungarian+PBS-MLA*,20,1,-2.60,-9.30,-88.1,swt+rt
Hungarian+PBS-MLA*,30,1,1.10,1.60,-87.8,rt
Hungarian+PBS-MLA*,40,1,-0.20,1.60,-83.9,rt
Hungarian+PBS-MLA*,50,1,0.00,1.90,-82.2,rt
Hungarian+PBS-MLA*,10,2,-0.30,0.30,5.0,rt
Hungarian+PBS-MLA*,20,2,-0.50,0.70,-76.8,rt
Hungarian+PBS-MLA*,30,2,-3.00,-2.60,-91.9,rt
Hungarian+PBS-MLA*,40,2,0.00,1.40,-94.9,rt
Hungarian+PBS-MLA*,50,2,-2.40,0.90,-93.5,rt
Hungarian+PBS-MLA*,20,5,0.00,-0.30,-59.7,rt
Hungarian+PBS-MLA*,30,5,-1.00,-2.40,-89.6,rt
Hungarian+PBS-MLA*,40,5,-2.50,-3.10,-95.8,swt+rt
Hungarian+PBS-MLA*,50,5,2.30,0.10,-97.3,rt
Hungarian+PBS-MLA*,20,10,-0.70,-1.90,-61.8,rt
Hungarian+PBS-MLA*,30,10,0.20,-0.90,-85.0,rt
Hungarian+PBS-MLA*,40,10,1.30,-0.40,-94.2,rt
Hungarian+PBS-MLA*,50,10,-1.90,0.20,-96.8,rt
Hungarian+PBS-MLA*,20,500,0.30,-1.20,-60.3,rt
Hungarian+PBS-MLA*,30,500,0.50,0.80,-77.9,rt
Hungarian+PBS-MLA*,40,500,-0.60,-2.00,-90.7,rt
Hungarian+PBS-MLA*,50,500,3.20,-0.80,-95.0,ms+rt
Hungarian+PBS-MLSIPP,10,0.2,0.10,0.60,47.3,rt
Hungarian+PBS-MLSIPP,20,0.2,0.10,-0.90,86.2,rt
Hungarian+PBS-MLSIPP,30,0.2,0.10,-1.90,88.0,rt
Hungarian+PBS-MLSIPP,40,0.2,0.10,-2.80,94.0,rt
Hungarian+PBS-MLSIPP,50,0.2,0.10,-2.20,82.9,rt
Hungarian+PBS-MLSIPP,10,0.5,-1.70,-1.50,-51.6,rt
Hungarian+PBS-MLSIPP,20,0.5,-0.50,0.90,-65.1,rt
Hungarian+PBS-MLSIPP,30,0.5,-0.80,0.80,-59.6,rt
Hungarian+PBS-MLSIPP,40,0.5,-0.80,0.20,-59.2,rt
Hungarian+PBS-MLSIPP,50,0.5,-0.70,-2.30,-64.9,rt
Hungarian+PBS-MLSIPP,10,1,0.30,1.50,-4.2,rt
Hungarian+PBS-MLSIPP,20,1,-0.20,-6.10,-84.5,swt+rt
Hungarian+PBS-MLSIPP,30,1,0.00,1.00,-88.4,rt
Hungarian+PBS-MLSIPP,40,1,0.00,0.90,-87.6,rt
Hungarian+PBS-MLSIPP,50,1,0.00,-0.20,-87.0,rt
Hungarian+PBS-MLSIPP,10,2,-0.30,-1.20,5.6,rt
Hungarian+PBS-MLSIPP,20,2,-1.00,-0.40,-76.2,rt
Hungarian+PBS-MLSIPP,30,2,-2.30,-4.20,-91.4,swt+rt
Hungarian+PBS-MLSIPP,40,2,0.30,1.30,-94.8,rt
Hungarian+PBS-MLSIPP,50,2,-1.70,-1.40,-95.4,rt
Hungarian+PBS-MLSIPP,10,5,-1.10,-0.30,4.9,rt
Hungarian+PBS-MLSIPP,20,5,-1.20,-0.30,-58.6,rt
Hungarian+PBS-MLSIPP,30,5,1.20,-1.20,-87.9,rt
Hungarian+PBS-MLSIPP,40,5,0.60,-1.70,-95.1,rt
Hungarian+PBS-MLSIPP,50,5,0.40,-0.30,-97.1,rt
Hungarian+PBS-MLSIPP,20,10,-1.40,-0.50,-60.1,rt
Hungarian+PBS-MLSIPP,30,10,1.70,-0.50,-83.8,rt
Hungarian+PBS-MLSIPP,40,10,3.20,0.50,-92.9,ms+rt
Hungarian+PBS-MLSIPP,50,10,-1.50,0.10,-96.2,rt
Hungarian+PBS-MLSIPP,10,500,0.00,-0.70,5.2,rt
Hungarian+PBS-MLSIPP,20,500,1.50,-0.10,-60.7,rt
Hungarian+PBS-MLSIPP,30,500,1.30,0.20,-77.2,rt
Hungarian+PBS-MLSIPP,40,500,-0.60,-2.00,-89.6,rt
Hungarian+PBS-MLSIPP,50,500,4.40,-0.40,-94.2,ms+rt
Hungarian+PP-SIPP,10,0.2,0.20,1.70,-17.8,rt
Hungarian+PP-SIPP,20,0.2,0.10,0.00,65.9,rt
Hungarian+PP-SIPP,30,0.2,0.20,-1.00,72.8,rt
Hungarian+PP-SIPP,40,0.2,0.10,-0.90,97.9,rt
Hungarian+PP-SIPP,50,0.2,0.10,-0.10,107.9,rt
Hungarian+PP-SIPP,10,0.5,-1.00,-0.70,-65.8,rt
Hungarian+PP-SIPP,20,0.5,-0.30,1.50,-74.1,rt
Hungarian+PP-SIPP,30,0.5,-0.70,1.40,-63.7,rt
Hungarian+PP-SIPP,40,0.5,-0.80,1.00,-59.1,rt
Hungarian+PP-SIPP,50,0.5,-0.70,-1.20,-64.7,rt
Hungarian+PP-SIPP,10,1,-0.30,1.70,3.7,rt
Hungarian+PP-SIPP,20,1,-1.40,-5.70,-87.2,swt+rt
Hungarian+PP-SIPP,30,1,0.40,1.50,-90.4,rt
Hungarian+PP-SIPP,40,1,0.20,0.80,-88.5,rt
Hungarian+PP-SIPP,50,1,-0.20,1.30,-87.1,rt
Hungarian+PP-SIPP,10,2,0.30,0.00,8.1,rt
Hungarian+PP-SIPP,20,2,-2.80,-0.40,-76.6,rt
Hungarian+PP-SIPP,30,2,-1.90,-3.70,-92.1,swt+rt
Hungarian+PP-SIPP,40,2,1.80,3.40,-95.1,swt+rt
Hungarian+PP-SIPP,50,2,0.00,1.00,-95.6,rt
Hungarian+PP-SIPP,10,5,-0.80,-0.60,8.0,rt
Hungarian+PP-SIPP,20,5,0.20,-0.20,-61.4,rt
Hungarian+PP-SIPP,30,5,-1.90,-1.50,-88.4,rt
Hungarian+PP-SIPP,40,5,1.20,-1.40,-95.3,rt
Hungarian+PP-SIPP,50,5,-1.90,-0.10,-97.2,rt
Hungarian+PP-SIPP,10,10,-1.00,-0.80,4.3,rt
Hungarian+PP-SIPP,20,10,-1.50,-1.70,-60.7,rt
Hungarian+PP-SIPP,30,10,1.00,-1.50,-85.3,rt
Hungarian+PP-SIPP,40,10,-1.60,-1.40,-93.7,rt
Hungarian+PP-SIPP,50,10,-1.10,0.10,-96.6,rt
Hungarian+PP-SIPP,10,500,0.20,-0.40,8.6,rt
Hungarian+PP-SIPP,20,500,0.90,-0.70,-61.0,rt
Hungarian+PP-SIPP,30,500,1.30,-0.30,-77.4,rt
Hungarian+PP-SIPP,40,500,-2.50,-1.80,-90.1,rt
Hungarian+PP-SIPP,50,500,5.60,-0.90,-94.4,ms+rt
Hungarian+wPBS-MLA*,10,0.2,0.20,0.50,-14.1,rt
Hungarian+wPBS-MLA*,20,0.2,0.10,-1.90,-23.7,rt
Hungarian+wPBS-MLA*,30,0.2,0.20,-4.60,-46.0,swt+rt
Hungarian+wPBS-MLA*,40,0.2,0.20,-5.00,-52.9,swt+rt
Hungarian+wPBS-MLA*,50,0.2,0.10,-5.70,-52.1,swt+rt
Hungarian+wPBS-MLA*,10,0.5,-1.50,2.00,-36.8,rt
Hungarian+wPBS-MLA*,20,0.5,0.00,1.80,-72.3,rt
Hungarian+wPBS-MLA*,30,0.5,-1.20,-1.10,-75.6,rt
Hungarian+wPBS-MLA*,40,0.5,-1.10,-2.30,-78.0,rt
Hungarian+wPBS-MLA*,50,0.5,-1.60,-3.80,-77.8,swt+rt
Hungarian+wPBS-MLA*,10,1,3.60,4.80,23.0,ms+swt+rt
Hungarian+wPBS-MLA*,20,1,0.90,0.60,-81.9,rt
Hungarian+wPBS-MLA*,30,1,0.90,3.60,-87.6,swt+rt
Hungarian+wPBS-MLA*,40,1,0.40,0.20,-88.2,rt
Hungarian+wPBS-MLA*,50,1,-0.80,-0.10,-85.7,rt
Hungarian+wPBS-MLA*,10,2,-1.30,-1.70,19.3,rt
Hungarian+wPBS-MLA*,20,2,0.20,2.70,-61.1,rt
Hungarian+wPBS-MLA*,30,2,-3.20,3.20,-86.2,ms+swt+rt
Hungarian+wPBS-MLA*,40,2,2.60,12.90,-89.8,swt+rt
Hungarian+wPBS-MLA*,50,2,-1.30,12.70,-90.4,swt+rt
Hungarian+wPBS-MLA*,10,5,-3.50,-1.60,10.0,ms+rt
Hungarian+wPBS-MLA*,20,5,3.40,1.60,-50.7,ms+rt
Hungarian+wPBS-MLA*,30,5,3.20,4.00,-74.6,ms+swt+rt
Hungarian+wPBS-MLA*,40,5,7.70,5.70,-86.6,ms+swt+rt
Hungarian+wPBS-MLA*,50,5,8.80,12.90,-87.8,ms+swt+rt
Hungarian+wPBS-MLA*,10,10,0.30,0.30,14.3,rt
Hungarian+wPBS-MLA*,20,10,0.80,2.20,-49.5,rt
Hungarian+wPBS-MLA*,30,10,2.70,3.50,-70.4,swt+rt
Hungarian+wPBS-MLA*,40,10,4.10,4.80,-81.8,ms+swt+rt
Hungarian+wPBS-MLA*,50,10,4.50,7.70,-84.9,ms+swt+rt
Hungarian+wPBS-MLA*,10,500,2.10,0.30,21.9,rt
Hungarian+wPBS-MLA*,20,500,0.20,-0.60,-52.2,rt
Hungarian+wPBS-MLA*,30,500,4.30,3.90,-67.5,ms+swt+rt
Hungarian+wPBS-MLA*,40,500,2.60,2.30,-82.0,rt
Hungarian+wPBS-MLA*,50,500,6.20,2.40,-82.4,ms+rt
Hungarian+wPBS-MLSIPP,10,0.2,0.10,0.90,-56.6,rt
Hungarian+wPBS-MLSIPP,20,0.2,0.00,-0.30,-58.5,rt
Hungarian+wPBS-MLSIPP,30,0.2,0.20,-2.40,-63.9,rt
Hungarian+wPBS-MLSIPP,40,0.2,0.10,-2.70,-65.9,rt
Hungarian+wPBS-MLSIPP,50,0.2,0.00,-2.00,-66.5,rt
Hungarian+wPBS-MLSIPP,10,0.5,0.40,0.60,-73.4,rt
Hungarian+wPBS-MLSIPP,20,0.5,-0.30,3.00,-87.7,rt
Hungarian+wPBS-MLSIPP,30,0.5,-0.40,0.90,-87.6,rt
Hungarian+wPBS-MLSIPP,40,0.5,-0.70,0.50,-88.6,rt
Hungarian+wPBS-MLSIPP,50,0.5,-0.70,-2.00,-90.4,rt
Hungarian+wPBS-MLSIPP,10,1,4.00,4.00,13.8,ms+swt+rt
Hungarian+wPBS-MLSIPP,20,1,1.40,-1.40,-92.1,rt
Hungarian+wPBS-MLSIPP,30,1,0.00,3.00,-94.6,rt
Hungarian+wPBS-MLSIPP,40,1,0.00,2.40,-94.7,rt
Hungarian+wPBS-MLSIPP,50,1,0.00,2.00,-94.3,rt
Hungarian+wPBS-MLSIPP,10,2,3.40,-0.60,25.2,ms+rt
Hungarian+wPBS-MLSIPP,20,2,1.50,2.50,-80.5,rt
Hungarian+wPBS-MLSIPP,30,2,1.60,-0.20,-94.7,rt
Hungarian+wPBS-MLSIPP,40,2,-1.50,6.20,-96.8,swt+rt
Hungarian+wPBS-MLSIPP,50,2,2.40,11.60,-96.4,swt+rt
Hungarian+wPBS-MLSIPP,10,5,2.50,-1.40,16.3,rt
Hungarian+wPBS-MLSIPP,20,5,0.00,0.00,-62.9,rt
Hungarian+wPBS-MLSIPP,30,5,3.90,0.50,-89.8,ms+rt
Hungarian+wPBS-MLSIPP,40,5,4.40,2.30,-96.3,ms+rt
Hungarian+wPBS-MLSIPP,50,5,4.10,4.60,-96.8,ms+swt+rt
Hungarian+wPBS-MLSIPP,10,10,2.00,-0.30,17.6,rt
Hungarian+wPBS-MLSIPP,20,10,2.20,-0.30,-62.8,rt
Hungarian+wPBS-MLSIPP,30,10,3.70,1.40,-86.3,ms+rt
Hungarian+wPBS-MLSIPP,40,10,1.30,2.40,-93.8,rt
Hungarian+wPBS-MLSIPP,50,10,-1.50,1.90,-97.0,rt
Hungarian+wPBS-MLSIPP,10,500,2.50,-0.20,22.2,rt
Hungarian+wPBS-MLSIPP,20,500,1.90,-0.20,-58.3,rt
Hungarian+wPBS-MLSIPP,30,500,2.00,1.30,-78.8,rt
Hungarian+wPBS-MLSIPP,40,500,-0.90,0.00,-90.6,rt
Hungarian+wPBS-MLSIPP,50,500,7.20,2.60,-94.0,ms+rt
LNS(1s)+PBS-MLA*,10,0.2,0.00,1.40,150.2,rt
LNS(1s)+PBS-MLA*,20,0.2,0.00,0.60,4.4,rt
LNS(1s)+PBS-MLA*,30,0.2,0.10,-0.10,14.9,rt
LNS(1s)+PBS-MLA*,40,0.2,0.00,-1.30,13.1,rt
LNS(1s)+PBS-MLA*,50,0.2,0.00,-0.20,203.5,rt
LNS(1s)+PBS-MLA*,10,0.5,-0.80,-4.90,26.6,swt+rt
LNS(1s)+PBS-MLA*,20,0.5,-0.20,3.00,-12.8,rt
LNS(1s)+PBS-MLA*,30,0.5,-0.40,1.80,-9.9,rt
LNS(1s)+PBS-MLA*,40,0.5,-0.10,2.10,-15.7,rt
LNS(1s)+PBS-MLA*,50,0.5,-0.40,0.10,-3.8,rt
LNS(1s)+PBS-MLA*,10,1,-0.60,-0.90,20.9,rt
LNS(1s)+PBS-MLA*,20,1,0.00,-2.10,-34.4,rt
LNS(1s)+PBS-MLA*,30,1,0.60,2.10,-45.6,rt
LNS(1s)+PBS-MLA*,40,1,1.90,4.10,-46.0,swt+rt
LNS(1s)+PBS-MLA*,50,1,0.00,1.30,-46.5,rt
LNS(1s)+PBS-MLA*,10,2,0.30,-0.60,20.0,rt
LNS(1s)+PBS-MLA*,20,2,1.00,-0.20,-37.1,rt
LNS(1s)+PBS-MLA*,30,2,0.00,2.40,-56.8,rt
LNS(1s)+PBS-MLA*,40,2,-2.40,1.20,-65.9,rt
LNS(1s)+PBS-MLA*,50,2,-1.00,0.90,-69.7,rt
LNS(1s)+PBS-MLA*,10,5,-2.20,-1.80,11.3,rt
LNS(1s)+PBS-MLA*,20,5,-0.20,0.50,-40.7,rt
LNS(1s)+PBS-MLA*,30,5,1.70,0.10,-56.2,rt
LNS(1s)+PBS-MLA*,40,5,0.60,2.10,-65.6,rt
LNS(1s)+PBS-MLA*,50,5,-2.20,-1.30,-72.7,rt
LNS(1s)+PBS-MLA*,10,10,-2.00,-0.40,19.6,rt
LNS(1s)+PBS-MLA*,20,10,-2.70,-0.50,-43.3,rt
LNS(1s)+PBS-MLA*,30,10,0.00,-1.30,-57.7,rt
LNS(1s)+PBS-MLA*,40,10,1.90,-1.20,-65.6,rt
LNS(1s)+PBS-MLA*,50,10,1.20,-0.70,-74.2,rt
LNS(1s)+PBS-MLA*,10,500,-0.70,-0.80,10.5,rt
LNS(1s)+PBS-MLA*,20,500,0.30,-0.40,-37.3,rt
LNS(1s)+PBS-MLA*,30,500,1.30,0.70,-60.4,rt
LNS(1s)+PBS-MLA*,40,500,-2.80,-0.90,-68.5,rt
LNS(1s)+PBS-MLA*,50,500,1.20,0.50,-73.8,rt
LNS(1s)+PBS-MLSIPP,10,0.2,0.00,0.80,155.1,rt
LNS(1s)+PBS-MLSIPP,30,0.2,0.10,-1.90,13.3,rt
LNS(1s)+PBS-MLSIPP,40,0.2,0.10,-2.80,12.2,rt
LNS(1s)+PBS-MLSIPP,50,0.2,0.10,-2.20,202.3,rt
LNS(1s)+PBS-MLSIPP,10,0.5,-0.50,-1.20,26.5,rt
LNS(1s)+PBS-MLSIPP,20,0.5,-0.50,2.20,-13.1,rt
LNS(1s)+PBS-MLSIPP,30,0.5,-0.70,0.40,-10.9,rt
LNS(1s)+PBS-MLSIPP,40,0.5,-0.70,0.10,-14.8,rt
LNS(1s)+PBS-MLSIPP,50,0.5,-0.70,-2.30,-3.1,rt
LNS(1s)+PBS-MLSIPP,10,1,-0.80,-0.90,18.8,rt
LNS(1s)+PBS-MLSIPP,20,1,-0.20,-1.90,-34.5,rt
LNS(1s)+PBS-MLSIPP,30,1,0.90,2.50,-45.3,rt
LNS(1s)+PBS-MLSIPP,40,1,0.20,2.30,-46.5,rt
LNS(1s)+PBS-MLSIPP,50,1,0.20,0.10,-46.4,rt
LNS(1s)+PBS-MLSIPP,10,2,-0.20,-1.30,17.8,rt
LNS(1s)+PBS-MLSIPP,20,2,-1.60,-0.60,-38.9,rt
LNS(1s)+PBS-MLSIPP,30,2,1.90,2.90,-55.8,rt
LNS(1s)+PBS-MLSIPP,40,2,0.60,0.10,-66.0,rt
LNS(1s)+PBS-MLSIPP,50,2,-1.70,-1.00,-69.7,rt
LNS(1s)+PBS-MLSIPP,10,5,-0.70,-1.30,19.1,rt
LNS(1s)+PBS-MLSIPP,20,5,-2.00,0.00,-39.0,rt
LNS(1s)+PBS-MLSIPP,30,5,1.20,1.40,-56.3,rt
LNS(1s)+PBS-MLSIPP,40,5,0.30,0.90,-66.4,rt
LNS(1s)+PBS-MLSIPP,50,5,-1.80,-1.50,-73.0,rt
LNS(1s)+PBS-MLSIPP,10,10,-2.70,-0.80,16.1,rt
LNS(1s)+PBS-MLSIPP,20,10,1.30,1.10,-42.2,rt
LNS(1s)+PBS-MLSIPP,30,10,-0.50,0.70,-57.1,rt
LNS(1s)+PBS-MLSIPP,40,10,1.60,0.20,-66.1,rt
LNS(1s)+PBS-MLSIPP,50,10,3.90,-0.60,-73.5,ms+rt
LNS(1s)+PBS-MLSIPP,10,500,0.50,-1.50,5.1,rt
LNS(1s)+PBS-MLSIPP,20,500,-0.20,-0.60,-39.1,rt
LNS(1s)+PBS-MLSIPP,30,500,1.00,0.00,-61.4,rt
LNS(1s)+PBS-MLSIPP,40,500,-1.20,0.00,-68.2,rt
LNS(1s)+PBS-MLSIPP,50,500,-0.40,0.40,-74.7,rt
LNS(1s)+PP-SIPP,20,0.2,0.10,0.20,3.5,rt
LNS(1s)+PP-SIPP,30,0.2,0.20,-1.10,12.9,rt
LNS(1s)+PP-SIPP,40,0.2,0.10,-0.90,11.7,rt
LNS(1s)+PP-SIPP,50,0.2,0.10,-0.10,202.7,rt
LNS(1s)+PP-SIPP,10,0.5,-0.40,-3.10,26.1,swt+rt
LNS(1s)+PP-SIPP,20,0.5,0.00,1.60,-11.7,rt
LNS(1s)+PP-SIPP,30,0.5,-0.60,1.30,-10.3,rt
LNS(1s)+PP-SIPP,40,0.5,-0.70,0.90,-14.4,rt
LNS(1s)+PP-SIPP,50,0.5,-0.70,-1.20,-5.8,rt
LNS(1s)+PP-SIPP,10,1,-2.20,-1.90,19.0,rt
LNS(1s)+PP-SIPP,20,1,1.20,-2.70,-34.5,rt
LNS(1s)+PP-SIPP,30,1,0.40,3.60,-45.3,swt+rt
LNS(1s)+PP-SIPP,40,1,1.10,2.40,-46.5,rt
LNS(1s)+PP-SIPP,50,1,0.40,0.40,-46.2,rt
LNS(1s)+PP-SIPP,10,2,3.40,3.30,20.9,ms+swt+rt
LNS(1s)+PP-SIPP,20,2,-1.50,-1.70,-40.2,rt
LNS(1s)+PP-SIPP,30,2,0.90,0.30,-56.8,rt
LNS(1s)+PP-SIPP,40,2,-2.90,0.80,-66.8,rt
LNS(1s)+PP-SIPP,50,2,-1.00,-0.10,-69.9,rt
LNS(1s)+PP-SIPP,10,5,0.40,0.70,18.0,rt
LNS(1s)+PP-SIPP,20,5,0.20,0.80,-42.0,rt
LNS(1s)+PP-SIPP,30,5,2.20,0.80,-55.1,rt
LNS(1s)+PP-SIPP,40,5,0.30,0.00,-66.4,rt
LNS(1s)+PP-SIPP,50,5,-2.20,-0.90,-72.3,rt
LNS(1s)+PP-SIPP,10,10,-1.40,-0.50,21.3,rt
LNS(1s)+PP-SIPP,20,10,-1.00,0.20,-41.4,rt
LNS(1s)+PP-SIPP,30,10,-2.00,-1.20,-57.8,rt
LNS(1s)+PP-SIPP,40,10,2.20,-1.10,-66.0,rt
LNS(1s)+PP-SIPP,50,10,2.70,-0.10,-73.8,rt
LNS(1s)+PP-SIPP,10,500,0.20,0.50,19.0,rt
LNS(1s)+PP-SIPP,20,500,1.40,-0.40,-40.0,rt
LNS(1s)+PP-SIPP,30,500,2.50,-0.40,-60.6,rt
LNS(1s)+PP-SIPP,40,500,-2.80,0.10,-67.0,rt
LNS(1s)+PP-SIPP,50,500,1.60,0.50,-74.2,rt
LNS(1s)+wPBS-MLA*,10,0.2,0.10,1.00,159.7,rt
LNS(1s)+wPBS-MLA*,20,0.2,0.10,-1.90,7.3,rt
LNS(1s)+wPBS-MLA*,30,0.2,0.20,-4.60,10.7,swt+rt
LNS(1s)+wPBS-MLA*,40,0.2,0.20,-5.50,10.7,swt+rt
LNS(1s)+wPBS-MLA*,50,0.2,0.10,-5.70,201.4,swt+rt
LNS(1s)+wPBS-MLA*,10,0.5,2.30,5.30,29.5,swt+rt
LNS(1s)+wPBS-MLA*,20,0.5,-1.40,2.50,-8.7,rt
LNS(1s)+wPBS-MLA*,40,0.5,-1.10,-2.30,-12.1,rt
LNS(1s)+wPBS-MLA*,50,0.5,-1.00,-4.00,3.5,swt+rt
LNS(1s)+wPBS-MLA*,10,1,1.50,1.30,24.0,rt
LNS(1s)+wPBS-MLA*,20,1,0.00,1.60,-33.9,rt
LNS(1s)+wPBS-MLA*,30,1,1.50,6.20,-45.5,swt+rt
LNS(1s)+wPBS-MLA*,40,1,0.00,0.60,-46.0,rt
LNS(1s)+wPBS-MLA*,50,1,0.60,-2.40,-46.2,rt
LNS(1s)+wPBS-MLA*,10,2,-2.00,0.60,21.3,rt
LNS(1s)+wPBS-MLA*,20,2,2.50,2.10,-37.0,rt
LNS(1s)+wPBS-MLA*,40,2,1.50,6.30,-63.1,swt+rt
LNS(1s)+wPBS-MLA*,50,2,0.30,16.90,-67.1,swt+rt
LNS(1s)+wPBS-MLA*,10,5,-0.70,0.70,17.9,rt
LNS(1s)+wPBS-MLA*,20,5,-0.50,0.80,-39.6,rt
LNS(1s)+wPBS-MLA*,40,5,2.50,4.90,-65.1,swt+rt
LNS(1s)+wPBS-MLA*,50,5,0.40,7.50,-68.2,swt+rt
LNS(1s)+wPBS-MLA*,10,10,-1.60,-0.70,20.0,rt
LNS(1s)+wPBS-MLA*,20,10,0.50,2.10,-38.7,rt
LNS(1s)+wPBS-MLA*,40,10,5.50,4.70,-65.1,ms+swt+rt
LNS(1s)+wPBS-MLA*,50,10,3.80,6.00,-71.1,ms+swt+rt
LNS(1s)+wPBS-MLA*,10,500,-1.80,0.50,17.8,rt
LNS(1s)+wPBS-MLA*,20,500,-0.30,0.30,-39.9,rt
LNS(1s)+wPBS-MLA*,30,500,8.00,4.60,-56.5,ms+swt+rt
LNS(1s)+wPBS-MLA*,40,500,7.10,6.80,-66.8,ms+swt+rt
LNS(1s)+wPBS-MLA*,50,500,11.60,4.90,-70.3,ms+swt+rt
LNS(1s)+wPBS-MLSIPP,10,0.2,0.10,0.10,1454522.4,rt
LNS(1s)+wPBS-MLSIPP,20,0.2,0.10,-1.80,555655.2,rt
LNS(1s)+wPBS-MLSIPP,30,0.2,0.20,-4.50,275286.8,swt+rt
LNS(1s)+wPBS-MLSIPP,40,0.2,0.20,-4.90,158156.9,swt+rt
LNS(1s)+wPBS-MLSIPP,50,0.2,0.10,-5.60,106755.0,swt+rt
LNS(1s)+wPBS-MLSIPP,10,0.5,-0.80,2.50,457978.7,rt
LNS(1s)+wPBS-MLSIPP,20,0.5,-0.20,2.60,179447.1,rt
LNS(1s)+wPBS-MLSIPP,30,0.5,-1.10,-1.00,103009.0,rt
LNS(1s)+wPBS-MLSIPP,40,0.5,-1.00,-1.60,63559.5,rt
LNS(1s)+wPBS-MLSIPP,50,0.5,-1.60,-3.80,42081.3,swt+rt
LNS(1s)+wPBS-MLSIPP,10,1,1.90,2.50,35610.3,rt
LNS(1s)+wPBS-MLSIPP,20,1,-0.20,2.30,78797.2,rt
LNS(1s)+wPBS-MLSIPP,30,1,-0.70,4.30,37285.5,swt+rt
LNS(1s)+wPBS-MLSIPP,40,1,0.60,0.60,25391.9,rt
LNS(1s)+wPBS-MLSIPP,50,1,-0.40,-2.30,18578.9,rt
LNS(1s)+wPBS-MLSIPP,10,2,-0.50,-0.10,8155.9,rt
LNS(1s)+wPBS-MLSIPP,20,2,2.30,3.50,24421.9,swt+rt
LNS(1s)+wPBS-MLSIPP,30,2,-0.50,3.60,22730.4,swt+rt
LNS(1s)+wPBS-MLSIPP,40,2,3.20,9.70,12340.3,ms+swt+rt
LNS(1s)+wPBS-MLSIPP,50,2,0.30,17.10,6733.8,swt+rt
LNS(1s)+wPBS-MLSIPP,10,5,-3.30,0.10,3431.3,ms+rt
LNS(1s)+wPBS-MLSIPP,20,5,1.20,2.90,5622.4,rt
LNS(1s)+wPBS-MLSIPP,30,5,1.70,1.90,7470.1,rt
LNS(1s)+wPBS-MLSIPP,40,5,8.40,8.00,6463.1,ms+swt+rt
LNS(1s)+wPBS-MLSIPP,50,5,7.30,10.60,4682.8,ms+swt+rt
LNS(1s)+wPBS-MLSIPP,10,10,-0.70,1.70,2439.4,rt
LNS(1s)+wPBS-MLSIPP,20,10,2.20,2.00,3369.4,rt
LNS(1s)+wPBS-MLSIPP,30,10,3.00,3.20,3781.5,swt+rt
LNS(1s)+wPBS-MLSIPP,40,10,1.90,3.00,3692.7,rt
LNS(1s)+wPBS-MLSIPP,50,10,2.60,5.20,3331.2,swt+rt
LNS(1s)+wPBS-MLSIPP,10,500,-0.20,0.10,1709.6,rt
LNS(1s)+wPBS-MLSIPP,20,500,-0.30,0.70,1873.6,rt
LNS(1s)+wPBS-MLSIPP,30,500,5.10,2.50,1994.9,ms+rt
LNS(1s)+wPBS-MLSIPP,40,500,3.20,4.30,1874.4,ms+swt+rt
LNS(1s)+wPBS-MLSIPP,50,500,6.20,3.10,1640.6,ms+swt+rt
TA-Hybrid-STA*,10,500,0.40,0.60,-65.2,rt
TA-Hybrid-STA*,50,500,-1.70,0.20,-25.9,rt
TA-Prioritized-STA*,10,500,0.70,0.20,-92.3,rt
TA-Prioritized-STA*,20,500,-1.10,-0.20,-94.6,rt
TA-Prioritized-STA*,30,500,0.30,0.00,-92.9,rt
TA-Prioritized-STA*,40,500,0.00,-0.20,-90.4,rt
TA-Prioritized-STA*,50,500,-0.80,-0.10,-72.7,rt
TP-SIPP,10,0.2,0.00,-0.40,-89.3,rt
TP-SIPP,20,0.2,0.00,-6.20,-97.1,swt+rt
TP-SIPP,30,0.2,-0.20,-2.90,-98.4,rt
TP-SIPP,40,0.2,0.00,-3.90,-99.1,swt+rt
TP-SIPP,50,0.2,0.00,-4.20,-99.0,swt+rt
TP-SIPP,10,0.5,-5.20,-12.20,-79.3,ms+swt+rt
TP-SIPP,20,0.5,-0.40,-4.10,-96.3,swt+rt
TP-SIPP,30,0.5,0.30,-9.00,-98.0,swt+rt
TP-SIPP,40,0.5,-1.00,-3.70,-98.8,swt+rt
TP-SIPP,50,0.5,-0.50,-3.90,-98.4,swt+rt
TP-SIPP,10,1,-4.60,-6.90,-78.0,ms+swt+rt
TP-SIPP,20,1,-8.70,-21.80,-90.2,ms+swt+rt
TP-SIPP,30,1,-1.20,-24.10,-91.8,swt+rt
TP-SIPP,40,1,-4.80,-9.90,-98.6,ms+swt+rt
TP-SIPP,50,1,1.80,-10.60,-98.6,swt+rt
TP-SIPP,10,2,-2.20,-2.80,-78.7,rt
TP-SIPP,20,2,-4.00,-14.10,-88.0,ms+swt+rt
TP-SIPP,30,2,-12.30,-19.20,-91.5,ms+swt+rt
TP-SIPP,40,2,-10.30,-35.70,-94.4,ms+swt+rt
TP-SIPP,50,2,-14.80,-39.00,-98.3,ms+swt+rt
TP-SIPP,10,5,-2.50,-2.30,-78.3,rt
TP-SIPP,20,5,-6.40,-7.10,-80.0,ms+swt+rt
TP-SIPP,30,5,-0.60,-9.20,-91.0,swt+rt
TP-SIPP,40,5,-15.10,-27.90,-95.6,ms+swt+rt
TP-SIPP,50,5,-20.50,-25.80,-96.4,ms+swt+rt
TP-SIPP,10,10,-3.40,-3.00,-79.0,ms+rt
TP-SIPP,20,10,-6.70,-6.60,-84.8,ms+swt+rt
TP-SIPP,30,10,-19.20,-9.00,-92.3,ms+swt+rt
TP-SIPP,40,10,-6.10,-11.90,-95.2,ms+swt+rt
TP-SIPP,50,10,-8.40,-15.20,-92.7,ms+swt+rt
TP-SIPP,10,500,-4.30,-3.20,-77.0,ms+swt+rt
TP-SIPP,20,500,-6.30,-6.90,-85.0,ms+swt+rt
TP-SIPP,30,500,-1.40,-4.60,-85.8,swt+rt
TP-SIPP,40,500,-7.10,-8.20,-94.3,ms+swt+rt
TP-SIPP,50,500,-14.30,-9.70,-97.7,ms+swt+rt
TP-STA*,10,0.2,0.00,0.00,-90.9,rt
TP-STA*,20,0.2,0.00,0.00,-94.9,rt
TP-STA*,30,0.2,0.00,0.00,-97.9,rt
TP-STA*,40,0.2,0.00,0.00,-98.7,rt
TP-STA*,50,0.2,0.00,0.00,-99.1,rt
TP-STA*,10,0.5,0.00,0.00,-75.3,rt
TP-STA*,20,0.5,0.00,0.00,-93.1,rt
TP-STA*,30,0.5,0.00,0.00,-95.3,rt
TP-STA*,40,0.5,0.00,0.00,-97.8,rt
TP-STA*,50,0.5,0.00,0.00,-98.4,rt
TP-STA*,10,1,0.00,0.00,-80.3,rt
TP-STA*,20,1,0.00,0.00,-82.0,rt
TP-STA*,30,1,0.00,0.00,-80.8,rt
TP-STA*,40,1,0.00,0.00,-96.7,rt
TP-STA*,50,1,0.00,0.00,-98.1,rt
TP-STA*,10,2,0.00,0.00,-81.0,rt
TP-STA*,20,2,0.00,0.00,-81.8,rt
TP-STA*,30,2,0.00,0.00,-84.3,rt
TP-STA*,40,2,0.00,0.00,-82.1,rt
TP-STA*,50,2,0.00,0.00,-97.3,rt
TP-STA*,10,5,0.00,0.00,-82.7,rt
TP-STA*,20,5,0.00,0.00,-67.7,rt
TP-STA*,30,5,0.00,0.00,-84.7,rt
TP-STA*,40,5,0.00,0.00,-84.1,rt
TP-STA*,50,5,0.00,0.00,-94.3,rt
TP-STA*,10,10,0.00,0.00,-81.7,rt
TP-STA*,20,10,0.00,0.00,-73.8,rt
TP-STA*,30,10,0.00,0.00,-87.5,rt
TP-STA*,40,10,0.00,0.00,-90.9,rt
TP-STA*,50,10,0.00,0.00,-89.7,rt
TP-STA*,10,500,0.00,0.00,-80.0,rt
TP-STA*,20,500,0.00,0.00,-77.5,rt
TP-STA*,30,500,0.00,0.00,-77.3,rt
TP-STA*,40,500,0.00,0.00,-90.5,rt
TP-STA*,50,500,0.00,0.00,-97.5,rt
TPTS-SIPP,10,0.2,-0.70,-2.90,-27.8,rt
TPTS-SIPP,20,0.2,-0.20,-2.80,-24.0,rt
TPTS-SIPP,40,0.2,-0.30,-2.30,-6.1,rt
TPTS-SIPP,50,0.2,-0.30,-2.50,-37.8,rt
TPTS-SIPP,10,0.5,-1.60,-15.60,-72.0,swt+rt
TPTS-SIPP,20,0.5,-0.60,-7.70,-75.5,swt+rt
TPTS-SIPP,30,0.5,-0.30,-5.60,-62.1,swt+rt
TPTS-SIPP,40,0.5,-0.10,-4.70,-57.3,swt+rt
TPTS-SIPP,50,0.5,-0.40,-4.30,-32.2,swt+rt
TPTS-SIPP,10,1,-4.20,-7.50,-73.7,ms+swt+rt
TPTS-SIPP,20,1,-9.20,-18.40,-80.0,ms+swt+rt
TPTS-SIPP,30,1,-0.70,-19.50,-69.6,swt+rt
TPTS-SIPP,40,1,-1.80,-12.60,-84.6,swt+rt
TPTS-SIPP,50,1,0.00,-10.60,-74.8,swt+rt
TPTS-SIPP,10,2,-3.20,-2.50,-72.0,ms+rt
TPTS-SIPP,20,2,-6.60,-13.70,-80.6,ms+swt+rt
TPTS-SIPP,30,2,-6.70,-16.20,-81.2,ms+swt+rt
TPTS-SIPP,40,2,-11.30,-23.10,-85.0,ms+swt+rt
TPTS-SIPP,50,2,-15.70,-31.00,-93.7,ms+swt+rt
TPTS-SIPP,10,5,-3.40,-3.60,-72.3,ms+swt+rt
TPTS-SIPP,20,5,-7.80,-5.30,-72.7,ms+swt+rt
TPTS-SIPP,30,5,-8.20,-11.60,-82.7,ms+swt+rt
TPTS-SIPP,40,5,-11.90,-17.20,-88.8,ms+swt+rt
TPTS-SIPP,50,5,-12.20,-17.70,-89.5,ms+swt+rt
TPTS-SIPP,10,10,-4.90,-3.50,-73.7,ms+swt+rt
TPTS-SIPP,20,10,-7.80,-4.40,-79.0,ms+swt+rt
TPTS-SIPP,30,10,-14.10,-13.30,-87.8,ms+swt+rt
TPTS-SIPP,40,10,-11.80,-13.30,-90.3,ms+swt+rt
TPTS-SIPP,50,10,-8.50,-14.00,-76.7,ms+swt+rt
TPTS-SIPP,10,500,-0.90,-2.50,-73.7,rt
TPTS-SIPP,20,500,-8.40,-8.60,-80.0,ms+swt+rt
TPTS-SIPP,30,500,-7.40,-5.10,-79.5,ms+swt+rt
TPTS-SIPP,40,500,-12.20,-7.20,-90.7,ms+swt+rt
TPTS-SIPP,50,500,-20.70,-12.20,-96.1,ms+swt+rt
TPTS-STA*,10,0.2,0.00,0.00,-32.9,rt
TPTS-STA*,20,0.2,0.00,0.00,-12.8,rt
TPTS-STA*,30,0.2,0.00,0.00,7.8,rt
TPTS-STA*,40,0.2,0.00,0.00,4.9,rt
TPTS-STA*,50,0.2,0.00,0.00,7.6,rt
TPTS-STA*,10,0.5,0.00,0.00,-77.3,rt
TPTS-STA*,20,0.5,0.00,0.00,-30.4,rt
TPTS-STA*,30,0.5,0.00,0.00,-21.7,rt
TPTS-STA*,40,0.5,0.00,0.00,-29.0,rt
TPTS-STA*,50,0.5,0.00,0.00,-16.3,rt
TPTS-STA*,10,1,0.00,0.00,-76.7,rt
TPTS-STA*,20,1,0.00,0.00,-58.5,rt
TPTS-STA*,30,1,0.00,0.00,-51.9,rt
TPTS-STA*,40,1,0.00,0.00,-44.3,rt
TPTS-STA*,50,1,0.00,0.00,-36.1,rt
TPTS-STA*,10,2,0.00,0.00,-72.7,rt
TPTS-STA*,20,2,0.00,0.00,-60.6,rt
TPTS-STA*,30,2,0.00,0.00,-47.1,rt
TPTS-STA*,40,2,0.00,0.00,-59.7,rt
TPTS-STA*,50,2,0.00,0.00,-43.7,rt
TPTS-STA*,10,5,0.00,0.00,-71.3,rt
TPTS-STA*,20,5,0.00,0.00,-55.3,rt
TPTS-STA*,30,5,0.00,0.00,-34.1,rt
TPTS-STA*,40,5,0.00,0.00,-49.5,rt
TPTS-STA*,50,5,0.00,0.00,-39.5,rt
TPTS-STA*,10,10,0.00,0.00,-74.3,rt
TPTS-STA*,20,10,0.00,0.00,-60.8,rt
TPTS-STA*,30,10,0.00,0.00,-32.9,rt
TPTS-STA*,40,10,0.00,0.00,-44.2,rt
TPTS-STA*,50,10,0.00,0.00,-48.2,rt
TPTS-STA*,10,500,0.00,0.00,-76.0,rt
TPTS-STA*,20,500,0.00,0.00,-52.7,rt
TPTS-STA*,30,500,0.00,0.00,-48.2,rt
TPTS-STA*,40,500,0.00,0.00,-48.1,rt
TPTS-STA*,50,500,0.00,0.00,-51.1,rt
