0.000199,0,0,54,222,44,44,5.4,0,0,10,42
0.000188,0,0,69,298,59,59,6.9,0,5,10,42
0.000211,0,0,84,353,74,74,8.4,0,10,10,42
0.000252,0,0,91,398,81,81,9.1,0,15,10,42
0.00038,0,0,92,391,82,82,9.2,0,20,10,42
0.000272,0,0,86,362,76,76,8.6,0,21,10,42
0.000414,0,0,102,435,92,92,10.2,0,25,10,42
0.000406,0,0,78,321,68,68,7.8,0,30,10,42
0.00025,0,0,72,293,62,62,7.2,0,31,10,42
0.00036,0,0,67,269,57,57,6.7,0,32,10,42
0.000353,0,0,94,395,84,84,9.4,0,33,10,42
0.000434,0,0,134,538,106,106,11.6,0,35,10,42
0.00054,0,0,153,615,127,127,13.7,0,40,10,42
0.001432,1,2,1040,1804,121,121,13.1,1,41,10,42
0.000739,0,0,536,1049,122,104,13.2,0,44,10,42
0.000446,0,0,157,622,132,132,14.2,0,45,10,42
0.000401,0,0,118,472,106,106,11.6,0,50,10,42
0.000498,0,0,123,498,113,113,12.3,0,55,10,42
0.000573,0,0,135,528,120,119,13,0,57,10,42
0.000914,1,2,267,736,103,102,11.3,1,60,10,42
0.000454,0,0,94,373,83,83,9.3,0,63,10,42
0.000491,0,0,124,496,111,111,12.1,0,64,10,42
0.000694,0,0,228,743,134,132,14.4,0,65,10,42
0.000496,1,2,223,817,124,122,13.4,1,70,10,42
0.000824,1,2,449,999,95,93,10.5,1,74,10,42
0.000696,1,2,165,634,110,108,12,1,75,10,42
0.000558,0,0,104,418,93,93,10.3,0,77,10,42
0.000308,0,0,96,393,86,86,9.6,0,80,10,42
0.000235,0,0,60,234,50,50,6,0,85,10,42
0.000256,0,0,106,449,96,96,10.6,0,86,10,42
0.00051,0,0,99,416,89,89,9.9,0,87,10,42
0.000438,0,0,87,360,77,77,8.7,0,89,10,42
0.000315,0,0,114,472,104,104,11.4,0,90,10,42
0.000429,0,0,118,494,108,108,11.8,0,95,10,42
0.000553,0,0,109,452,99,99,10.9,0,97,10,42
0.000558,0,0,151,623,123,123,13.3,0,100,10,42
0.000584,1,2,236,940,139,139,14.9,1,105,10,42
0.005011,2,4,4920,6610,155,153,16.5,2,110,10,42
0.003532,2,4,2461,3637,126,124,13.6,2,115,10,42
0.003372,3,6,3402,4965,140,136,15,3,117,10,42
0.002239,2,4,1947,3145,149,145,15.9,2,120,10,42
0.001599,2,4,1492,2548,148,144,15.8,2,125,10,42
0.001232,2,4,580,1326,151,147,16.1,2,130,10,42
0.018974,1,2,15918,18182,167,163,17.7,1,135,10,42
0.015472,1,2,15016,17045,134,132,14.4,1,138,10,42
0.00052,0,0,186,589,127,125,13.7,0,139,10,42
0.000623,0,0,125,473,112,111,12.2,0,140,10,42
0.000482,0,0,100,388,90,90,10,0,144,10,42
0.000335,0,0,93,356,83,83,9.3,0,145,10,42
0.000419,0,0,138,520,116,114,12.6,0,147,10,42
0.000401,0,0,118,445,104,102,11.4,0,149,10,42
0.000422,0,0,139,542,127,125,13.7,0,150,10,42
0.001289,1,2,938,1967,155,155,16.5,1,153,10,42
0.000543,0,0,183,739,166,166,17.6,0,155,10,42
0.001139,1,2,734,1696,175,175,18.5,1,160,10,42
0.000801,0,0,156,614,139,139,14.9,0,165,10,42
0.001141,1,2,498,1275,155,155,16.5,1,168,10,42
0.000722,0,0,226,871,182,180,19.2,0,170,10,42
0.000677,0,0,207,800,169,167,17.9,0,175,10,42
0.000703,0,0,195,755,162,160,17.2,0,176,10,42
0.000646,0,0,200,770,164,162,17.4,0,180,10,42
0.000711,0,0,171,684,151,149,16.1,0,185,10,42
0.0006,0,0,129,516,117,115,12.7,0,189,10,42
0.000503,0,0,155,633,145,145,15.5,0,190,10,42
0.000456,0,0,113,455,103,103,11.3,0,195,10,42
0.000387,0,0,108,433,98,98,10.8,0,196,10,42
0.000383,0,0,96,382,86,86,9.6,0,197,10,42
0.015086,1,2,12754,15663,127,123,13.7,1,198,10,42
0.014797,1,2,10420,13199,142,136,15.2,1,200,10,42
0.01668,2,4,11979,15094,116,112,12.6,2,203,10,42
0.005096,1,2,4536,6159,111,105,12.1,1,204,10,42
0.0074,2,4,6746,9164,165,127,17.5,2,205,10,42
0.000656,0,0,283,850,117,111,12.7,0,210,10,42
0.001789,2,4,1257,2217,106,103,11.6,2,211,10,42
0.000555,0,0,173,544,95,91,10.5,0,213,10,42
0.000867,1,2,356,886,91,90,10.1,1,215,10,42
0.000301,0,0,70,265,60,60,7,0,220,10,42
0.000363,0,0,70,271,60,60,7,0,223,10,42
0.000287,0,0,79,307,69,69,7.9,0,225,10,42
0.000311,0,0,62,230,52,52,6.2,0,228,10,42
0.00034,0,0,55,201,45,45,5.5,0,230,10,42
0.000302,0,0,50,180,40,40,5,0,231,10,42
0.00023,0,0,51,189,41,41,5.1,0,235,10,42
0.000258,0,0,37,127,27,27,3.7,0,238,10,42
0.000264,0,0,59,226,49,49,5.9,0,240,10,42
0.000352,0,0,59,226,49,49,5.9,0,245,10,42
0.000313,0,0,63,249,53,53,6.3,0,247,10,42
0.000331,0,0,92,379,82,82,9.2,0,250,10,42
0.000441,0,0,71,277,61,61,7.1,0,255,10,42
0.000339,0,0,87,343,77,77,8.7,0,257,10,42
0.000545,0,0,118,480,108,108,11.8,0,260,10,42
0.000448,0,0,98,393,88,88,9.8,0,265,10,42
0.000454,0,0,136,543,116,116,12.6,0,267,10,42
0.003064,1,2,2146,3114,135,135,14.5,1,270,10,42
0.000555,0,0,163,651,142,142,15.2,0,275,10,42
0.001259,1,2,730,1355,95,95,10.5,1,280,10,42
0.00048,0,0,108,430,88,88,9.8,0,281,10,42
0.000754,1,2,368,902,95,95,10.5,1,285,10,42
0.000602,0,0,118,477,99,99,10.9,0,287,10,42
0.000789,1,2,203,694,111,111,12.1,1,290,10,42
0.004518,1,2,2853,4270,129,129,13.9,1,295,10,42
0.000522,0,0,117,462,94,94,10.4,0,300,10,42
0.002257,1,2,1553,2403,79,79,8.9,1,302,10,42
0.000428,0,0,115,449,92,92,10.2,0,303,10,42
0.00189,1,2,1395,2350,121,121,13.1,1,305,10,42
0.000667,0,0,136,564,113,113,12.3,0,306,10,42
0.000972,1,2,522,1194,117,117,12.7,1,310,10,42
0.000541,0,0,134,555,114,114,12.4,0,315,10,42
0.000614,0,0,124,511,106,106,11.6,0,316,10,42
0.000453,0,0,116,476,103,103,11.3,0,320,10,42
0.000532,0,0,99,405,89,89,9.9,0,322,10,42
0.000416,0,0,113,477,103,103,11.3,0,325,10,42
0.000429,0,0,83,341,73,73,8.3,0,330,10,42
0.000318,0,0,63,249,53,53,6.3,0,333,10,42
0.000281,0,0,87,346,77,77,8.7,0,335,10,42
0.000388,0,0,80,314,70,70,8,0,336,10,42
0.00031,0,0,62,234,52,52,6.2,0,340,10,42
0.000408,0,0,57,210,47,47,5.7,0,341,10,42
0.000636,1,2,190,549,52,49,6.2,1,343,10,42
0.000421,0,0,70,267,60,60,7,0,345,10,42
0.00038,0,0,65,243,55,54,6.5,0,346,10,42
0.000324,0,0,64,236,54,54,6.4,0,350,10,42
0.00034,0,0,55,202,45,44,5.5,0,352,10,42
0.000399,0,0,69,267,57,55,6.7,0,355,10,42
0.000418,0,0,62,247,52,52,6.2,0,356,10,42
0.000394,0,0,72,286,62,62,7.2,0,360,10,42
0.000389,0,0,61,237,51,51,6.1,0,363,10,42
0.000304,0,0,75,308,65,65,7.5,0,365,10,42
0.000305,0,0,71,291,61,61,7.1,0,366,10,42
0.000264,0,0,74,290,59,59,6.9,0,370,10,42
0.00031,0,0,51,188,40,40,5,0,375,10,42
0.000351,0,0,76,307,66,66,7.6,0,380,10,42
0.0003,0,0,68,268,58,58,6.8,0,382,10,42
0.000389,0,0,87,347,77,77,8.7,0,385,10,42
0.000481,0,0,84,330,74,74,8.4,0,386,10,42
0.000438,0,0,92,364,82,82,9.2,0,390,10,42
0.000467,0,0,179,497,89,84,9.9,0,395,10,42
0.000402,0,0,113,411,87,82,9.7,0,400,10,42
0.000542,0,0,87,336,77,73,8.7,0,402,10,42
0.000455,0,0,113,463,103,103,11.3,0,405,10,42
0.00041,0,0,91,364,81,81,9.1,0,410,10,42
0.000596,0,0,83,330,73,73,8.3,0,411,10,42
0.000512,0,0,92,371,82,82,9.2,0,414,10,42
0.000583,0,0,106,430,96,96,10.6,0,415,10,42
0.000432,0,0,123,487,97,97,10.7,0,420,10,42
0.00114,0,0,622,1156,108,94,11.8,0,425,10,42
0.0008,0,0,303,700,82,69,9.2,0,430,10,42
0.000383,0,0,92,369,82,82,9.2,0,431,10,42
0.000527,0,0,116,394,75,70,8.5,0,433,10,42
0.000511,0,0,105,422,94,92,10.4,0,435,10,42
0.000597,0,0,111,453,101,99,11.1,0,436,10,42
0.000448,0,0,122,504,112,112,12.2,0,440,10,42
0.000713,0,0,100,397,90,90,10,0,445,10,42
0.00043,0,0,83,323,73,73,8.3,0,448,10,42
0.00044,0,0,76,293,66,66,7.6,0,449,10,42
0.000317,0,0,90,363,80,80,9,0,450,10,42
0.000439,0,0,204,526,62,59,7.2,0,454,10,42
0.000461,0,0,103,428,93,93,10.3,0,455,10,42
0.000557,0,0,155,507,89,86,9.9,0,460,10,42
0.000515,0,0,87,347,77,77,8.7,0,461,10,42
0.000543,0,0,119,407,75,72,8.5,0,462,10,42
0.000367,0,0,93,363,83,83,9.3,0,465,10,42
0.000606,0,0,83,324,73,73,8.3,0,467,10,42
0.000481,0,0,118,457,99,99,10.9,0,470,10,42
0.006854,1,2,5403,6741,84,84,9.4,1,473,10,42
0.004539,0,0,3020,3833,128,96,13.8,0,475,10,42
0.000598,0,0,140,559,120,120,13,0,480,10,42
0.000473,0,0,138,545,119,119,12.9,0,485,10,42
0.000654,0,0,112,447,102,102,11.2,0,488,10,42
0.000754,0,0,197,581,106,103,11.6,0,490,10,42
0.000499,0,0,104,377,82,80,9.2,0,494,10,42
0.000525,0,0,123,391,77,74,8.7,0,495,10,42
0.00046,0,0,95,344,77,75,8.7,0,497,10,42
0.000332,0,0,88,294,62,59,7.2,0,500,10,42
0.002804,1,2,2115,3123,76,72,8.6,1,502,10,42
0.001462,1,2,871,1484,76,74,8.6,1,505,10,42
0.000873,1,2,627,1116,63,61,7.3,1,507,10,42
0.000805,0,0,563,933,76,56,8.6,0,508,10,42
0.00087,0,0,525,919,85,66,9.5,0,510,10,42
0.000655,1,1,378,746,71,55,8.1,1,512,10,42
0.000635,0,0,276,620,91,77,10.1,0,515,10,42
0.000339,0,0,106,418,92,90,10.2,0,520,10,42
0.001595,1,2,947,1717,93,91,10.3,1,525,10,42
0.000889,1,2,321,788,82,80,9.2,1,527,10,42
0.000802,1,2,387,859,78,76,8.8,1,528,10,42
0.000558,0,0,319,791,125,110,13.5,0,530,10,42
0.000645,1,1,247,776,133,122,14.3,1,535,10,42
0.000524,1,1,122,428,102,100,11.2,1,540,10,42
0.000678,1,1,195,677,115,113,12.5,1,545,10,42
0.000441,0,0,123,472,113,113,12.3,0,548,10,42
0.00052,1,1,162,645,130,130,14,1,550,10,42
0.001581,1,2,846,1493,134,114,14.4,1,555,10,42
0.000697,0,0,422,952,135,121,14.5,0,560,10,42
0.000619,0,0,209,589,101,92,11.1,0,564,10,42
0.00053,0,0,203,563,96,87,10.6,0,565,10,42
0.0006,0,0,147,522,104,98,11.4,0,567,10,42
0.000465,0,0,138,481,96,90,10.6,0,568,10,42
0.000426,0,0,124,519,109,106,11.9,0,570,10,42
0.000445,0,0,117,497,107,107,11.7,0,575,10,42
0.000428,0,0,103,432,93,93,10.3,0,577,10,42
0.000411,0,0,113,480,103,103,11.3,0,580,10,42
0.000586,0,0,100,420,90,90,10,0,582,10,42
0.000545,0,0,116,466,94,92,10.4,0,585,10,42
0.000605,1,2,135,514,89,87,9.9,1,590,10,42
0.000366,0,0,73,293,63,63,7.3,0,594,10,42
0.00032,0,0,95,381,85,85,9.5,0,595,10,42
0.000305,0,0,92,375,82,82,9.2,0,600,10,42
0.000592,0,0,84,340,74,74,8.4,0,601,10,42
0.000479,0,0,78,311,68,68,7.8,0,602,10,42
0.000472,0,0,71,281,61,61,7.1,0,603,10,42
0.000315,0,0,101,421,91,91,10.1,0,605,10,42
0.000488,0,0,103,423,93,93,10.3,0,610,10,42
0.00174,1,2,1313,2175,103,102,11.3,1,615,10,42
0.000663,1,2,283,939,115,113,12.5,1,620,10,42
0.002048,2,4,1119,2024,91,89,10.1,2,625,10,42
0.000547,0,0,92,370,82,82,9.2,0,626,10,42
0.000835,1,2,518,945,63,63,7.3,1,630,10,42
0.004604,1,2,3072,4769,87,85,9.7,1,632,10,42
0.004366,2,4,3174,5160,109,105,11.9,2,633,10,42
0.005141,3,6,3795,6259,129,121,13.9,3,635,10,42
0.001872,1,2,1124,2323,125,117,13.5,1,640,10,42
0.001707,2,4,1229,2337,127,119,13.7,2,645,10,42
0.001215,2,4,454,1090,100,92,11,2,649,10,42
0.00168,2,4,781,1599,127,119,13.7,2,650,10,42
0.00093,1,2,333,896,103,99,11.3,1,654,10,42
0.000805,1,1,202,812,136,132,14.6,1,655,10,42
0.000583,0,0,123,496,105,105,11.5,0,659,10,42
0.000475,0,0,145,596,127,127,13.7,0,660,10,42
0.00045,0,0,120,481,102,102,11.2,0,664,10,42
0.000486,0,0,168,631,123,121,13.3,0,665,10,42
0.00048,0,0,155,599,124,122,13.4,0,670,10,42
0.000442,0,0,133,521,111,109,12.1,0,675,10,42
0.000386,0,0,101,399,83,81,9.3,0,679,10,42
0.000446,0,0,124,495,107,105,11.7,0,680,10,42
0.000371,0,0,85,334,73,71,8.3,0,685,10,42
0.000434,0,0,74,285,63,61,7.3,0,686,10,42
0.000273,0,0,80,317,70,70,8,0,690,10,42
0.000312,0,0,66,253,56,56,6.6,0,692,10,42
0.000386,0,0,80,316,70,70,8,0,693,10,42
0.000343,0,0,84,333,74,74,8.4,0,695,10,42
0.000337,0,0,78,308,68,68,7.8,0,696,10,42
0.000383,0,0,93,374,83,83,9.3,0,700,10,42
0.000395,0,0,95,384,85,85,9.5,0,705,10,42
0.000496,0,0,89,359,79,79,8.9,0,706,10,42
0.000356,0,0,117,469,100,100,11,0,710,10,42
0.004836,1,2,3832,4968,91,91,10.1,1,712,10,42
0.003817,0,0,3277,4188,121,89,13.1,0,715,10,42
0.002423,0,0,2431,3307,138,110,14.8,0,720,10,42
0.001982,0,0,1800,2569,132,108,14.2,0,725,10,42
0.001071,0,0,860,1466,128,110,13.8,0,730,10,42
0.001107,0,0,744,1293,116,99,12.6,0,732,10,42
0.001005,0,0,419,931,125,112,13.5,0,735,10,42
0.001212,1,2,451,1326,145,134,15.5,1,740,10,42
0.000529,0,0,177,678,142,137,15.2,0,745,10,42
0.000736,1,2,202,764,110,108,12,1,749,10,42
0.000495,0,0,150,587,126,124,13.6,0,750,10,42
0.00071,1,2,217,790,113,110,12.3,1,752,10,42
0.003028,1,2,2562,3982,135,133,14.5,1,755,10,42
0.000928,1,2,479,1188,134,119,14.4,1,757,10,42
0.002406,1,2,1716,2807,121,111,13.1,1,758,10,42
0.000522,0,0,145,543,106,103,11.6,0,760,10,42
0.005371,2,3,5372,7573,140,112,15,2,761,10,42
0.000958,1,2,645,1388,128,127,13.8,1,765,10,42
0.002219,1,1,1935,3108,156,131,16.6,1,770,10,42
0.001076,1,2,635,1354,131,122,14.1,1,771,10,42
0.000528,0,0,279,822,149,138,15.9,0,775,10,42
0.000573,0,0,171,615,126,120,13.6,0,778,10,42
0.000693,1,2,211,800,146,141,15.6,1,780,10,42
0.00047,0,0,134,541,111,111,12.1,0,785,10,42
0.001276,1,2,983,1855,143,143,15.3,1,788,10,42
0.000568,0,0,166,685,142,142,15.2,0,790,10,42
0.002218,1,2,1605,2667,134,132,14.4,1,795,10,42
0.00297,1,2,2451,3595,125,123,13.5,1,796,10,42
0.000672,0,0,304,845,114,110,12.4,0,798,10,42
0.000533,0,0,127,524,117,117,12.7,0,800,10,42
0.000592,0,0,119,489,109,109,11.9,0,801,10,42
0.000508,0,0,113,463,103,103,11.3,0,802,10,42
0.000418,0,0,126,514,116,116,12.6,0,805,10,42
0.000405,0,0,119,478,109,109,11.9,0,810,10,42
0.000367,0,0,91,355,81,81,9.1,0,815,10,42
0.000338,0,0,82,313,72,72,8.2,0,816,10,42
0.000598,0,0,201,507,76,71,8.6,0,818,10,42
0.000362,0,0,127,427,84,81,9.4,0,820,10,42
0.000442,0,0,160,452,79,74,8.9,0,821,10,42
0.000318,0,0,89,338,71,68,8.1,0,825,10,42
0.00024,0,0,52,201,42,42,5.2,0,830,10,42
0.000243,0,0,64,257,54,54,6.4,0,832,10,42
0.000343,0,0,53,209,43,43,5.3,0,834,10,42
0.000228,0,0,50,194,40,40,5,0,835,10,42
0.00021,0,0,59,238,49,49,5.9,0,838,10,42
0.000241,0,0,55,219,45,45,5.5,0,839,10,42
0.000289,0,0,88,360,78,78,8.8,0,840,10,42
0.000379,0,0,111,470,101,101,11.1,0,845,10,42
0.000866,1,2,460,1050,101,101,11.1,1,850,10,42
0.000395,0,0,89,369,79,79,8.9,0,854,10,42
0.000606,1,2,246,748,95,95,10.5,1,855,10,42
0.000527,0,0,131,545,115,115,12.5,0,860,10,42
0.000747,0,0,224,711,123,119,13.3,0,865,10,42
0.000663,0,0,109,442,94,94,10.4,0,869,10,42
0.000625,0,0,121,488,107,106,11.7,0,870,10,42
0.000749,0,0,241,653,94,89,10.4,0,873,10,42
0.000617,0,0,140,560,120,118,13,0,875,10,42
0.0006,0,0,101,415,91,91,10.1,0,880,10,42
0.000416,0,0,133,550,123,123,13.3,0,882,10,42
0.000563,0,0,197,660,114,112,12.4,0,884,10,42
0.00049,0,0,133,549,123,123,13.3,0,885,10,42
0.000448,0,0,130,538,120,120,13,0,890,10,42
0.000426,0,0,128,523,118,118,12.8,0,895,10,42
0.001392,1,2,1039,1872,115,113,12.5,1,900,10,42
0.00106,1,2,760,1370,87,85,9.7,1,905,10,42
0.000976,1,2,506,1077,98,96,10.8,1,906,10,42
0.001134,1,2,534,1062,84,82,9.4,1,908,10,42
0.000888,1,2,278,659,72,70,8.2,1,910,10,42
0.000653,1,2,369,858,91,89,10.1,1,911,10,42
0.002027,2,4,1093,1838,82,80,9.2,2,912,10,42
0.000578,1,2,252,676,83,79,9.3,1,915,10,42
0.001448,3,6,920,1640,74,70,8.4,3,916,10,42
0.000814,1,2,177,514,68,64,7.8,1,917,10,42
0.002299,2,4,1611,2612,92,88,10.2,2,920,10,42
0.000574,1,2,99,375,70,70,8,1,923,10,42
0.000346,0,0,75,293,65,65,7.5,0,924,10,42
0.000484,0,0,105,423,92,92,10.2,0,925,10,42
0.000422,0,0,84,335,72,72,8.2,0,929,10,42
0.000349,0,0,107,437,94,94,10.4,0,930,10,42
0.00057,0,0,100,409,88,88,9.8,0,931,10,42
0.000353,0,0,89,356,76,76,8.6,0,934,10,42
0.00035,0,0,102,414,90,90,10,0,935,10,42
0.000557,1,2,235,836,104,102,11.4,1,940,10,42
0.000408,0,0,127,482,102,100,11.2,0,945,10,42
0.000492,1,2,166,579,75,72,8.5,1,950,10,42
0.000404,0,0,128,488,109,107,11.9,0,951,10,42
0.000537,1,2,182,709,120,117,13,1,955,10,42
0.000466,0,0,113,457,101,101,11.1,0,958,10,42
0.00064,0,0,144,598,134,133,14.4,0,960,10,42
0.000693,0,0,139,572,129,129,13.9,0,965,10,42
0.000501,0,0,116,474,106,106,11.6,0,969,10,42
0.000697,0,0,132,528,122,122,13.2,0,970,10,42
0.00063,0,0,115,457,105,105,11.5,0,973,10,42
0.000691,1,2,340,966,121,121,13.1,1,975,10,42
0.000564,0,0,230,744,134,125,14.4,0,980,10,42
0.000794,1,2,168,628,90,88,10,1,985,10,42
0.000445,0,0,99,379,72,66,8.2,0,988,10,42
0.000415,0,0,86,333,76,76,8.6,0,990,10,42
0.000308,0,0,74,287,64,64,7.4,0,992,10,42
0.000378,0,0,63,241,53,53,6.3,0,994,10,42
0.00036,0,0,87,339,75,75,8.5,0,995,10,42
0.001367,1,2,1016,1641,92,92,10.2,1,997,10,42
0.000521,0,0,214,593,100,95,11,0,1000,10,42
0.001114,2,4,754,1442,86,81,9.6,2,1002,10,42
0.000619,0,0,146,535,110,105,12,0,1005,10,42
0.000694,1,2,301,751,96,91,10.6,1,1007,10,42
0.000575,0,0,123,503,111,111,12.1,0,1010,10,42
0.000484,1,2,121,453,86,86,9.6,1,1014,10,42
0.000606,0,0,125,502,113,113,12.3,0,1015,10,42
0.000511,0,0,93,368,83,83,9.3,0,1020,10,42
0.001061,1,2,758,1463,117,117,12.7,1,1021,10,42
0.00089,0,0,601,1124,128,111,13.8,0,1022,10,42
0.001005,0,0,434,890,113,99,12.3,0,1024,10,42
0.00113,1,1,482,1104,126,112,13.6,2,1025,10,42
0.000661,0,0,173,517,93,85,10.3,0,1030,10,42
0.000524,1,1,113,432,66,62,7.6,2,1035,10,42
0.000365,0,0,73,288,63,61,7.3,0,1038,10,42
0.000318,0,0,94,377,84,82,9.4,0,1039,10,42
0.000924,1,2,178,578,82,82,9.2,1,1040,10,42
0.000386,0,0,121,459,100,96,11,0,1042,10,42
0.000383,0,0,93,369,83,81,9.3,0,1045,10,42
0.000542,0,0,101,405,91,89,10.1,0,1046,10,42
0.001759,1,2,1141,1833,90,90,10,1,1050,10,42
0.00035,0,0,77,305,67,67,7.7,0,1054,10,42
0.00348,2,4,2261,3553,92,90,10.2,2,1055,10,42
0.001552,1,2,1281,2110,74,72,8.4,1,1058,10,42
0.001644,1,2,1236,2046,116,92,12.6,1,1060,10,42
0.000778,0,0,574,1073,120,100,13,0,1065,10,42
0.000835,0,0,355,759,109,93,11.9,0,1070,10,42
0.000699,1,1,311,726,101,87,11.1,1,1071,10,42
0.000651,0,0,276,623,95,81,10.5,0,1072,10,42
0.000693,1,1,210,636,114,104,12.4,1,1075,10,42
0.000405,0,0,115,465,105,103,11.5,0,1080,10,42
0.000408,0,0,109,450,99,99,10.9,0,1085,10,42
0.000591,0,0,100,411,90,90,10,0,1086,10,42
0.000477,0,0,88,356,78,78,8.8,0,1088,10,42
0.007289,1,2,6130,7419,111,111,12.1,1,1090,10,42
0.000658,0,0,137,538,117,117,12.7,0,1095,10,42
0.004527,1,2,3524,4578,98,98,10.8,1,1098,10,42
0.000618,0,0,109,418,89,89,9.9,0,1100,10,42
0.002109,1,2,2007,2793,68,68,7.8,1,1104,10,42
0.000674,1,2,257,743,91,91,10.1,1,1105,10,42
0.004843,2,4,4384,6421,117,113,12.7,2,1108,10,42
0.001079,1,2,305,922,110,108,12,1,1109,10,42
0.005629,2,4,3809,5673,113,104,12.3,2,1110,10,42
0.000897,0,0,296,850,121,114,13.1,0,1111,10,42
0.003548,2,4,2683,4164,102,93,11.2,2,1115,10,42
0.000503,0,0,179,606,104,102,11.4,0,1120,10,42
0.001522,2,4,1106,1874,80,76,9,2,1124,10,42
0.000595,0,0,137,497,104,102,11.4,0,1125,10,42
0.001328,1,2,812,1415,85,81,9.5,1,1129,10,42
0.000425,0,0,127,474,102,100,11.2,0,1130,10,42
0.000724,1,1,412,850,103,93,11.3,1,1131,10,42
0.000392,0,0,96,372,86,86,9.6,0,1132,10,42
0.000502,0,0,91,355,81,81,9.1,0,1133,10,42
0.000363,0,0,124,489,114,114,12.4,0,1135,10,42
0.000558,0,0,101,393,91,91,10.1,0,1140,10,42
0.000326,0,0,78,296,68,68,7.8,0,1144,10,42
0.000415,0,0,107,428,97,97,10.7,0,1145,10,42
0.000368,0,0,95,382,85,85,9.5,0,1149,10,42
0.000496,0,0,114,460,104,104,11.4,0,1150,10,42
0.000417,0,0,87,344,77,77,8.7,0,1154,10,42
0.000368,0,0,105,436,95,95,10.5,0,1155,10,42
0.000467,0,0,89,363,79,79,8.9,0,1158,10,42
0.000538,0,0,112,461,102,102,11.2,0,1160,10,42
0.000479,0,0,112,461,102,102,11.2,0,1165,10,42
0.000428,0,0,103,420,93,93,10.3,0,1170,10,42
0.000479,0,0,88,351,78,78,8.8,0,1172,10,42
0.001208,1,2,539,1263,101,101,11.1,1,1175,10,42
0.000473,0,0,103,415,93,93,10.3,0,1176,10,42
0.001001,1,2,412,1040,86,86,9.6,1,1177,10,42
0.000372,0,0,106,421,96,96,10.6,0,1180,10,42
0.000746,1,2,273,743,85,85,9.5,1,1185,10,42
0.000301,0,0,81,315,71,71,8.1,0,1190,10,42
0.000459,1,2,159,485,66,66,7.6,1,1191,10,42
0.000338,0,0,123,409,78,74,8.8,0,1195,10,42
0.000758,1,2,674,1111,67,52,7.7,1,1199,10,42
0.000499,0,0,386,728,85,69,9.5,0,1200,10,42
0.000626,1,2,390,842,86,76,9.6,1,1205,10,42
0.000466,0,0,143,382,72,63,8.2,0,1207,10,42
0.000424,1,2,152,415,59,54,6.9,1,1210,10,42
0.000349,0,0,84,276,60,55,7,0,1211,10,42
0.000315,1,2,93,319,59,57,6.9,1,1215,10,42
0.000313,0,0,92,261,53,46,6.3,0,1217,10,42
0.000309,0,0,54,190,44,44,5.4,0,1218,10,42
0.000445,0,0,75,286,65,65,7.5,0,1220,10,42
0.000283,0,0,66,249,56,56,6.6,0,1222,10,42
0.000321,0,0,58,214,48,48,5.8,0,1225,10,42
0.000326,0,0,82,321,72,72,8.2,0,1229,10,42
0.000524,0,0,79,310,69,69,7.9,0,1230,10,42
0.001288,2,4,951,1907,95,89,10.5,2,1231,10,42
0.000754,1,2,425,1085,102,98,11.2,1,1235,10,42
0.000923,2,4,549,1198,96,92,10.6,2,1236,10,42
0.000433,0,0,156,571,106,102,11.6,0,1240,10,42
0.000509,1,2,176,605,100,98,11,1,1245,10,42
0.000395,0,0,106,406,81,79,9.1,0,1248,10,42
0.001711,1,2,1202,2111,100,98,11,1,1250,10,42
0.000768,1,2,410,910,70,68,8,1,1255,10,42
0.001001,1,2,722,1345,85,83,9.5,1,1256,10,42
0.000559,1,2,349,840,102,100,11.2,1,1260,10,42
0.000736,1,2,475,920,81,79,9.1,1,1263,10,42
0.00071,1,2,337,812,79,75,8.9,1,1264,10,42
0.000562,1,2,255,644,91,89,10.1,1,1265,10,42
0.000407,0,0,193,646,121,109,13.1,0,1270,10,42
0.001506,1,2,1261,2084,114,112,12.4,1,1275,10,42
0.001193,1,2,841,1527,107,105,11.7,1,1276,10,42
0.001112,1,2,898,1582,97,95,10.7,1,1278,10,42
0.000828,0,0,719,1335,141,118,15.1,0,1280,10,42
0.000727,1,2,380,1004,137,135,14.7,1,1285,10,42
0.000577,0,0,266,697,124,110,13.4,0,1289,10,42
0.000794,1,2,442,1229,142,138,15.2,1,1290,10,42
0.000931,0,0,662,1324,134,120,14.4,0,1295,10,42
0.000454,0,0,142,568,120,119,13,0,1300,10,42
0.000822,0,0,435,955,104,97,11.4,0,1303,10,42
0.000449,0,0,110,429,88,87,9.8,0,1305,10,42
0.000516,0,0,259,645,80,73,9,0,1307,10,42
0.000436,0,0,129,492,97,94,10.7,0,1308,10,42
0.002049,1,2,1770,2859,133,124,14.3,1,1310,10,42
0.000477,0,0,149,580,121,118,13.1,0,1311,10,42
0.000441,0,0,153,618,135,132,14.5,0,1315,10,42
0.000444,0,0,146,621,136,135,14.6,0,1320,10,42
0.000653,1,2,256,1030,146,146,15.6,1,1325,10,42
0.000642,0,0,120,511,110,110,12,0,1330,10,42
0.000543,1,2,158,642,90,90,10,1,1333,10,42
0.000402,0,0,106,451,96,96,10.6,0,1335,10,42
0.000417,1,2,161,663,108,108,11.8,1,1338,10,42
0.00041,0,0,140,590,130,130,14,0,1340,10,42
0.000441,1,2,149,599,106,106,11.6,1,1343,10,42
0.00034,0,0,107,440,97,97,10.7,0,1345,10,42
0.000769,1,2,549,1197,105,103,11.5,1,1347,10,42
0.000488,0,0,319,831,132,119,14.2,0,1350,10,42
0.000384,0,0,154,548,114,107,12.4,0,1355,10,42
0.000434,1,1,167,543,105,100,11.5,1,1356,10,42
0.00037,0,0,167,569,110,108,12,0,1360,10,42
0.000305,0,0,102,393,87,87,9.7,0,1363,10,42
0.001613,1,2,1724,2583,99,99,10.9,1,1365,10,42
0.00035,0,0,101,381,84,84,9.4,0,1367,10,42
0.000294,0,0,109,419,94,94,10.4,0,1370,10,42
0.000393,1,2,124,456,80,80,9,1,1372,10,42
0.00028,0,0,90,354,80,80,9,0,1375,10,42
0.000257,0,0,71,276,61,61,7.1,0,1378,10,42
0.002437,1,2,2467,3471,77,75,8.7,1,1380,10,42
0.000279,0,0,67,241,57,57,6.7,0,1383,10,42
0.001403,1,2,1357,1965,48,46,5.8,1,1385,10,42
0.000184,0,0,55,189,45,45,5.5,0,1387,10,42
0.000186,0,0,48,162,38,38,4.8,0,1388,10,42
0.000165,0,0,44,146,34,34,4.4,0,1389,10,42
0.000184,0,0,76,300,66,66,7.6,0,1390,10,42
0.000489,1,2,253,679,49,49,5.9,1,1394,10,42
0.000226,0,0,97,377,79,76,8.9,0,1395,10,42
0.000385,1,2,204,599,62,62,7.2,1,1400,10,42
0.000248,0,0,96,385,86,86,9.6,0,1401,10,42
0.000291,0,0,91,362,81,81,9.1,0,1402,10,42
0.000319,0,0,110,437,100,100,11,0,1405,10,42
0.001137,1,2,1278,2018,107,107,11.7,1,1410,10,42
0.004517,1,2,5326,6847,123,121,13.3,1,1415,10,42
0.002597,1,2,2823,3964,120,118,13,1,1420,10,42
0.002805,1,2,3249,4386,90,88,10,1,1424,10,42
0.001275,1,2,1377,2125,100,98,11,1,1425,10,42
0.001047,1,2,1165,1815,75,73,8.5,1,1429,10,42
0.001037,1,2,1115,2137,111,107,12.1,1,1430,10,42
0.000864,1,2,833,1473,95,93,10.5,1,1432,10,42
0.000633,1,2,462,1016,108,106,11.8,1,1435,10,42
0.000676,1,2,484,1005,95,93,10.5,1,1437,10,42
0.000639,1,2,488,1226,128,123,13.8,1,1440,10,42
0.00194,2,4,1532,3032,122,117,13.2,2,1441,10,42
0.002,1,2,2158,3066,126,97,13.6,1,1445,10,42
0.002072,2,4,2257,3747,142,115,15.2,2,1446,10,42
0.000522,1,1,258,833,128,124,13.8,1,1450,10,42
0.000775,1,2,365,998,115,113,12.5,1,1455,10,42
0.000583,0,0,133,510,106,104,11.6,0,1456,10,42
0.000609,1,2,257,703,84,82,9.4,1,1460,10,42
0.000404,0,0,100,371,78,76,8.8,0,1461,10,42
0.000468,1,2,197,589,84,82,9.4,1,1465,10,42
0.001569,1,2,867,1508,69,67,7.9,1,1467,10,42
0.004906,2,4,3629,5165,98,94,10.8,2,1468,10,42
0.004063,2,4,2851,4295,89,87,9.9,3,1469,10,42
0.005069,2,4,3415,4917,109,105,11.9,2,1470,10,42
0.001345,1,2,753,1464,100,98,11,1,1471,10,42
0.003115,1,2,2747,3937,83,81,9.3,1,1475,10,42
0.000776,1,2,282,643,59,59,6.9,1,1479,10,42
0.000503,0,0,107,416,87,87,9.7,0,1480,10,42
0.000627,1,2,144,505,93,93,10.3,1,1485,10,42
0.000505,0,0,105,425,95,95,10.5,0,1490,10,42
0.000565,0,0,126,529,116,116,12.6,0,1492,10,42
0.000633,0,0,128,538,118,118,12.8,0,1495,10,42
0.000506,0,0,104,432,94,94,10.4,0,1499,10,42
0.000666,0,0,141,596,131,131,14.1,0,1500,10,42
0.00074,1,2,305,881,102,102,11.2,1,1505,10,42
0.000583,0,0,93,381,83,83,9.3,0,1510,10,42
0.000596,0,0,122,496,109,107,11.9,0,1512,10,42
0.00046,0,0,100,396,90,88,10,0,1515,10,42
0.000803,0,0,247,830,143,141,15.3,0,1516,10,42
0.001806,1,2,917,1891,135,133,14.5,1,1517,10,42
0.0008,0,0,182,643,121,119,13.1,0,1520,10,42
0.001167,1,2,719,1575,136,132,14.6,1,1523,10,42
0.00206,1,1,1651,2474,150,126,16,1,1524,10,42
0.001185,0,0,888,1508,154,133,16.4,0,1525,10,42
0.000818,0,0,480,1098,160,145,17,0,1530,10,42
0.004559,1,2,2692,4083,148,137,15.8,1,1535,10,42
0.000745,0,0,245,761,140,131,15,0,1536,10,42
0.003679,1,2,2167,3341,129,123,13.9,1,1540,10,42
0.002273,0,0,1413,2210,143,117,15.3,0,1541,10,42
0.00063,0,0,147,597,121,121,13.1,0,1545,10,42
0.000909,0,0,504,1061,103,98,11.3,0,1548,10,42
0.000436,0,0,121,510,111,111,12.1,0,1550,10,42
0.000894,0,0,477,1029,108,103,11.8,0,1551,10,42
0.000394,0,0,98,404,88,88,9.8,0,1555,10,42
0.000901,0,0,359,739,77,72,8.7,0,1557,10,42
0.000498,0,0,74,299,64,64,7.4,0,1558,10,42
0.00057,0,0,267,573,61,56,7.1,0,1560,10,42
0.000299,0,0,71,282,61,61,7.1,0,1563,10,42
0.000583,0,0,209,626,106,100,11.6,0,1565,10,42
0.000494,0,0,105,409,87,86,9.7,0,1567,10,42
0.015925,1,2,11747,13721,162,124,17.2,1,1570,10,42
0.012375,0,0,10312,11901,189,111,19.9,0,1572,10,42
0.010179,2,4,8182,10094,105,105,11.5,2,1574,10,42
0.000561,0,0,220,806,153,151,16.3,0,1575,10,42
0.007449,1,2,5431,6799,162,162,17.2,1,1580,10,42
0.000824,0,0,146,592,135,135,14.5,0,1585,10,42
0.004649,1,2,3724,4871,158,158,16.8,1,1586,10,42
0.010153,1,2,7607,10066,178,150,18.8,1,1587,10,42
0.005444,1,2,3565,5006,165,159,17.5,1,1590,10,42
0.000833,0,0,172,702,156,155,16.6,0,1595,10,42
0.002389,0,0,1836,2921,195,166,20.5,0,1600,10,42
0.001089,0,0,740,1339,142,124,15.2,0,1605,10,42
0.000417,0,0,106,426,95,93,10.5,0,1609,10,42
0.000602,0,0,329,775,116,105,12.6,0,1610,10,42
0.002366,1,2,1917,2958,138,138,14.8,1,1612,10,42
0.000584,0,0,203,669,128,121,13.8,0,1614,10,42
0.004565,0,0,3033,4136,155,140,16.5,0,1615,10,42
0.002165,0,0,1744,2561,141,124,15.1,0,1617,10,42
0.002337,0,0,1981,2821,138,123,14.8,0,1620,10,42
0.001368,0,0,1095,1681,108,95,11.8,0,1624,10,42
0.001641,0,0,1365,2035,122,107,13.2,0,1625,10,42
0.001242,0,0,973,1518,110,97,12,0,1627,10,42
0.001743,0,0,1128,1668,96,81,10.6,0,1630,10,42
0.000799,0,0,597,977,81,68,9.1,0,1635,10,42
0.001155,0,0,766,1263,100,85,11,0,1636,10,42
0.000838,0,0,359,714,88,73,9.8,0,1638,10,42
0.001197,1,2,908,1503,76,63,8.6,1,1640,10,42
0.000484,0,0,187,394,52,42,6.2,0,1644,10,42
0.003119,1,2,2439,3754,114,106,12.4,1,1645,10,42
0.000707,0,0,192,575,109,101,11.9,0,1646,10,42
0.00046,0,0,132,500,109,106,11.9,0,1650,10,42
0.000402,0,0,135,535,116,116,12.6,0,1655,10,42
0.000683,0,0,125,490,108,108,11.8,0,1656,10,42
0.000433,0,0,144,563,117,117,12.7,0,1660,10,42
0.000544,0,0,134,521,109,109,11.9,0,1661,10,42
0.000476,0,0,118,446,91,91,10.1,0,1665,10,42
0.000484,0,0,138,533,113,113,12.3,0,1666,10,42
0.000442,0,0,138,543,113,113,12.3,0,1670,10,42
0.000477,0,0,129,511,106,106,11.6,0,1671,10,42
0.000418,0,0,134,548,123,123,13.3,0,1675,10,42
0.000556,0,0,102,418,92,92,10.2,0,1680,10,42
0.000444,0,0,72,284,62,62,7.2,0,1685,10,42
0.000363,0,0,143,472,84,82,9.4,0,1687,10,42
0.003779,1,2,2687,3608,78,76,8.8,1,1688,10,42
0.000526,0,0,106,379,72,70,8.2,0,1689,10,42
0.00319,1,2,2219,3034,70,68,8,1,1690,10,42
0.000466,0,0,129,499,101,99,11.1,0,1694,10,42
0.001808,1,2,1340,2081,89,87,9.9,1,1695,10,42
0.00037,0,0,114,452,96,94,10.6,0,1700,10,42
0.003956,2,4,3000,4135,103,103,11.3,2,1705,10,42
0.003003,1,2,2007,2847,92,92,10.2,1,1709,10,42
0.002159,2,4,1840,2918,126,124,13.6,2,1710,10,42
0.001549,1,2,998,1709,103,103,11.3,1,1715,10,42
0.00087,1,2,537,1080,82,82,9.2,1,1718,10,42
0.000688,1,2,143,601,91,91,10.1,2,1720,10,42
0.000671,1,2,314,777,83,83,9.3,1,1721,10,42
0.000454,0,0,77,314,66,65,7.6,0,1724,10,42
0.000486,1,2,176,613,101,101,11.1,1,1725,10,42
0.000395,0,0,113,459,103,103,11.3,0,1730,10,42
0.000373,0,0,93,366,83,83,9.3,0,1733,10,42
0.000335,0,0,84,322,74,74,8.4,0,1735,10,42
0.000286,0,0,80,314,70,70,8,0,1740,10,42
0.000338,0,0,98,405,88,88,9.8,0,1741,10,42
0.000491,0,0,127,522,117,117,12.7,0,1745,10,42
0.000582,0,0,104,423,94,94,10.4,0,1750,10,42
0.00092,0,0,649,1124,100,88,11,0,1751,10,42
0.000387,0,0,125,494,115,115,12.5,0,1755,10,42
0.000458,0,0,116,451,106,106,11.6,0,1756,10,42
0.00062,0,0,153,538,112,110,12.2,0,1760,10,42
0.000408,0,0,108,394,85,83,9.5,0,1764,10,42
0.00058,0,0,137,524,116,114,12.6,0,1765,10,42
0.000461,0,0,120,454,101,99,11.1,0,1767,10,42
0.000649,0,0,141,559,125,123,13.5,0,1770,10,42
0.000699,0,0,126,500,112,110,12.2,0,1772,10,42
0.000476,0,0,158,552,113,109,12.3,0,1775,10,42
0.000517,0,0,100,373,83,81,9.3,0,1780,10,42
0.000456,0,0,99,378,86,84,9.6,0,1783,10,42
0.000578,1,2,260,723,94,90,10.4,1,1785,10,42
0.000492,0,0,110,427,90,88,10,0,1790,10,42
0.000484,1,2,128,475,84,82,9.4,1,1791,10,42
0.000304,0,0,63,237,53,53,6.3,0,1795,10,42
0.000338,0,0,70,276,60,60,7,0,1798,10,42
0.000289,0,0,93,376,83,83,9.3,0,1800,10,42
0.000331,0,0,79,317,69,69,7.9,0,1802,10,42
0.000419,0,0,64,250,54,54,6.4,0,1805,10,42
0.000285,0,0,74,293,64,64,7.4,0,1806,10,42
0.000291,0,0,69,270,59,59,6.9,0,1807,10,42
0.00099,1,2,845,1374,73,73,8.3,1,1810,10,42
0.000299,0,0,89,355,79,79,8.9,0,1815,10,42
0.000532,1,2,208,496,58,58,6.8,1,1819,10,42
0.000408,0,0,81,321,71,71,8.1,0,1820,10,42
0.000386,1,2,117,442,81,81,9.1,1,1825,10,42
0.000283,0,0,68,272,58,58,6.8,0,1830,10,42
0.000263,0,0,60,233,50,50,6,0,1832,10,42
0.000234,0,0,60,234,50,50,6,0,1835,10,42
0.000317,0,0,52,196,42,42,5.2,0,1836,10,42
0.000306,0,0,50,189,40,40,5,0,1837,10,42
0.000231,0,0,68,261,58,58,6.8,0,1840,10,42
0.000327,0,0,64,243,54,54,6.4,0,1841,10,42
0.000276,0,0,88,353,78,78,8.8,0,1845,10,42
0.000317,0,0,99,398,89,89,9.9,0,1850,10,42
0.000326,0,0,81,318,71,71,8.1,0,1854,10,42
0.000536,0,0,107,428,97,97,10.7,0,1855,10,42
0.000373,0,0,87,339,77,77,8.7,0,1860,10,42
0.000295,0,0,88,353,78,78,8.8,0,1865,10,42
0.000979,1,2,491,988,80,80,9,1,1868,10,42
0.000489,0,0,93,359,71,71,8.1,0,1870,10,42
0.00062,1,2,350,803,82,82,9.2,1,1871,10,42
0.000471,0,0,83,324,64,64,7.4,0,1874,10,42
0.000683,1,2,221,635,88,88,9.8,1,1875,10,42
0.000384,0,0,91,364,78,78,8.8,0,1880,10,42
0.000307,0,0,72,287,62,62,7.2,0,1882,10,42
0.000309,0,0,66,260,56,56,6.6,0,1883,10,42
0.000252,0,0,56,216,46,46,5.6,0,1885,10,42
0.000264,0,0,80,330,70,70,8,0,1886,10,42
0.000418,0,0,71,289,61,61,7.1,0,1888,10,42
0.000326,0,0,115,456,96,94,10.6,0,1890,10,42
0.00037,0,0,113,465,99,97,10.9,0,1895,10,42
0.000435,0,0,87,356,77,75,8.7,0,1899,10,42
0.000372,0,0,108,443,98,98,10.8,0,1900,10,42
0.000362,0,0,86,342,76,76,8.6,0,1904,10,42
0.000453,0,0,201,610,108,105,11.8,0,1905,10,42
0.000522,0,0,147,447,82,79,9.2,0,1910,10,42
0.000456,0,0,216,635,99,94,10.9,0,1911,10,42
0.000392,0,0,138,439,82,79,9.2,0,1913,10,42
0.000586,0,0,146,509,96,93,10.6,0,1915,10,42
0.000417,0,0,121,430,82,79,9.2,0,1917,10,42
0.00036,0,0,113,419,83,80,9.3,0,1920,10,42
0.000289,0,0,84,316,63,60,7.3,0,1923,10,42
0.000314,0,0,105,419,92,89,10.2,0,1925,10,42
0.000325,0,0,76,302,66,66,7.6,0,1929,10,42
0.000298,0,0,71,281,61,61,7.1,0,1930,10,42
0.00032,0,0,69,270,59,59,6.9,0,1931,10,42
0.000244,0,0,55,207,45,45,5.5,0,1934,10,42
0.000254,0,0,78,298,66,66,7.6,0,1935,10,42
0.000327,0,0,110,439,98,98,10.8,0,1937,10,42
0.000353,0,0,101,395,89,89,9.9,0,1939,10,42
0.000417,0,0,128,504,116,115,12.6,0,1940,10,42
0.000436,0,0,131,501,119,118,12.9,0,1945,10,42
0.000491,0,0,103,386,93,92,10.3,0,1950,10,42
0.000525,0,0,132,455,96,93,10.6,0,1955,10,42
0.000615,1,2,178,603,88,85,9.8,1,1958,10,42
0.00043,0,0,98,344,77,74,8.7,0,1960,10,42
0.000528,1,2,164,622,102,100,11.2,1,1961,10,42
0.000581,0,0,112,432,94,92,10.4,0,1962,10,42
0.000498,1,2,137,533,92,90,10.2,1,1965,10,42
0.00034,0,0,91,361,78,76,8.8,0,1967,10,42
0.000483,1,2,94,360,64,62,7.4,1,1969,10,42
0.000414,0,0,80,320,70,70,8,0,1970,10,42
0.000219,0,0,55,217,45,45,5.5,0,1975,10,42
0.000213,0,0,44,166,34,34,4.4,0,1977,10,42
0.003703,2,4,3600,5087,61,61,7.1,2,1978,10,42
0.009526,1,2,6849,9154,113,86,12.3,1,1980,10,42
0.005655,1,2,5606,7646,125,78,13.5,1,1982,10,42
0.004165,1,2,3805,5538,139,97,14.9,1,1985,10,42
0.001569,0,0,1459,2379,154,117,16.4,0,1990,10,42
0.002155,1,2,1690,2737,120,104,13,1,1992,10,42
0.001018,0,0,760,1531,173,146,18.3,0,1995,10,42
0.002737,2,4,2442,3789,163,153,17.3,2,2000,10,42
0.001489,1,2,1103,2033,154,148,16.4,1,2005,10,42
0.001448,1,2,1064,1901,127,125,13.7,1,2008,10,42
0.001076,1,2,642,1386,132,130,14.2,1,2010,10,42
0.001223,1,2,685,1393,118,116,12.8,1,2012,10,42
0.000943,1,2,385,955,105,103,11.5,1,2014,10,42
0.000923,1,2,491,1142,122,120,13.2,1,2015,10,42
0.001894,2,4,1027,2024,117,115,12.7,2,2020,10,42
0.000661,1,2,167,617,115,113,12.5,1,2025,10,42
0.001248,2,4,665,1417,106,104,11.6,2,2026,10,42
0.000431,1,1,101,405,83,83,9.3,1,2029,10,42
0.000626,1,2,289,807,103,103,11.3,1,2030,10,42
0.000564,0,0,109,424,86,83,9.6,0,2035,10,42
0.000341,0,0,114,458,100,100,11,0,2040,10,42
0.000336,0,0,95,375,85,85,9.5,0,2045,10,42
0.000309,0,0,85,334,75,75,8.5,0,2047,10,42
0.000392,0,0,73,283,63,63,7.3,0,2049,10,42
0.000382,0,0,116,422,86,84,9.6,0,2050,10,42
0.000474,0,0,98,355,74,72,8.4,0,2052,10,42
0.000419,0,0,108,408,87,85,9.7,0,2055,10,42
0.000385,0,0,93,345,74,72,8.4,0,2057,10,42
0.000334,0,0,108,421,93,91,10.3,0,2060,10,42
0.000822,1,2,562,1034,71,69,8.1,1,2064,10,42
0.000575,0,0,445,907,115,101,12.5,0,2065,10,42
0.000373,0,0,85,330,75,75,8.5,0,2070,10,42
0.002203,1,2,1966,2801,93,89,10.3,1,2075,10,42
0.000333,0,0,95,376,85,85,9.5,0,2077,10,42
0.001649,1,2,1214,1915,97,97,10.7,1,2080,10,42
0.000338,0,0,81,326,71,71,8.1,0,2085,10,42
0.000895,1,2,538,1071,91,91,10.1,1,2086,10,42
0.000358,0,0,85,339,75,75,8.5,0,2089,10,42
0.000572,1,2,332,809,94,94,10.4,1,2090,10,42
0.000498,0,0,149,491,89,86,9.9,0,2095,10,42
0.001153,3,6,736,1448,77,73,8.6,3,2097,10,42
0.000447,0,0,106,357,72,69,8.2,0,2100,10,42
0.000625,2,4,309,702,62,58,7.1,2,2102,10,42
0.00031,0,0,107,408,81,78,9.1,0,2105,10,42
0.00327,2,4,2661,3834,82,81,9.2,2,2110,10,42
0.000473,0,0,94,370,74,73,8.4,0,2111,10,42
0.001257,1,2,1173,1839,72,72,8.2,1,2112,10,42
0.000987,0,0,845,1391,112,91,12.2,0,2115,10,42
0.001186,0,0,825,1357,109,88,11.9,0,2116,10,42
0.001084,0,0,602,1163,141,123,15.1,0,2120,10,42
0.001167,1,2,782,1614,117,103,12.7,1,2125,10,42
0.000515,0,0,146,602,133,133,14.3,0,2130,10,42
0.001041,1,2,340,983,110,110,12,1,2135,10,42
0.000415,0,0,130,540,117,117,12.7,0,2140,10,42
0.000701,1,2,272,1155,195,195,20.5,1,2141,10,42
0.000983,0,0,190,809,180,180,19,0,2143,10,42
0.000711,0,0,189,809,179,179,18.9,0,2145,10,42
0.000761,0,0,158,668,148,148,15.8,0,2150,10,42
0.000594,0,0,180,755,170,170,18,0,2152,10,42
0.000691,0,0,196,843,186,186,19.6,0,2155,10,42
0.000781,0,0,191,811,181,181,19.1,0,2160,10,42
0.000715,0,0,178,744,168,168,17.8,0,2165,10,42
0.000847,0,0,167,696,157,157,16.7,0,2166,10,42
0.000532,0,0,137,565,127,127,13.7,0,2170,10,42
0.000425,0,0,119,485,109,109,11.9,0,2172,10,42
0.000446,0,0,120,496,110,110,12,0,2174,10,42
0.000483,0,0,145,599,135,135,14.5,0,2175,10,42
0.00067,0,0,107,431,97,97,10.7,0,2180,10,42
0.00057,0,0,98,392,88,88,9.8,0,2181,10,42
0.000418,0,0,90,358,80,80,9,0,2182,10,42
0.000322,0,0,83,322,73,73,8.3,0,2185,10,42
0.000315,0,0,70,266,60,60,7,0,2187,10,42
0.000288,0,0,83,336,73,73,8.3,0,2189,10,42
0.000364,0,0,93,378,83,83,9.3,0,2190,10,42
0.000628,0,0,186,513,72,68,8.2,0,2192,10,42
0.000329,0,0,97,404,87,87,9.7,0,2195,10,42
0.000496,0,0,133,457,88,84,9.8,0,2200,10,42
0.00035,0,0,85,341,75,75,8.5,0,2202,10,42
0.001638,1,2,907,1711,91,89,10.1,1,2205,10,42
0.00066,1,2,314,844,72,70,8.2,1,2209,10,42
0.001221,1,2,618,1290,94,92,10.4,1,2210,10,42
0.00054,1,2,213,722,102,100,11.2,1,2215,10,42
0.000895,1,2,361,880,93,91,10.3,1,2216,10,42
0.000538,1,2,185,659,111,109,12.1,1,2220,10,42
0.000545,1,2,162,537,89,87,9.9,1,2223,10,42
0.000454,1,1,144,567,114,112,12.4,1,2225,10,42
0.000493,0,0,172,585,108,106,11.8,0,2230,10,42
0.000404,0,0,121,496,105,103,11.5,0,2235,10,42
0.00041,0,0,105,433,92,90,10.2,0,2237,10,42
0.003556,2,4,2624,3930,104,100,11.4,2,2240,10,42
0.000555,0,0,125,492,100,98,11,0,2245,10,42
0.001031,2,4,567,1192,96,94,10.6,2,2246,10,42
0.00044,0,0,107,422,88,86,9.8,0,2250,10,42
0.000444,0,0,69,261,56,56,6.6,0,2255,10,42
0.000307,0,0,82,329,70,70,8,0,2256,10,42
0.000275,0,0,60,232,50,50,6,0,2260,10,42
0.000297,0,0,45,167,35,35,4.5,0,2263,10,42
0.000265,0,0,41,150,31,31,4.1,0,2264,10,42
0.000195,0,0,37,132,27,27,3.7,0,2265,10,42
0.00091,1,2,750,1248,45,45,5.5,1,2266,10,42
0.000334,0,0,68,263,57,57,6.7,0,2270,10,42
0.000276,0,0,69,269,59,59,6.9,0,2271,10,42
0.000287,0,0,94,382,84,84,9.4,0,2275,10,42
0.000435,0,0,77,304,67,67,7.7,0,2279,10,42
0.000423,0,0,101,411,90,90,10,0,2280,10,42
0.003577,1,2,2507,3738,107,99,11.7,1,2285,10,42
0.000411,0,0,103,405,92,92,10.2,0,2286,10,42
0.001699,1,2,1637,2618,112,104,12.2,1,2290,10,42
0.000493,0,0,98,391,87,87,9.7,0,2293,10,42
0.001948,1,2,1364,2275,112,104,12.2,1,2295,10,42
0.00044,0,0,109,432,99,99,10.9,0,2300,10,42
0.000495,0,0,230,568,84,76,9.4,0,2304,10,42
0.004539,1,2,4180,5614,105,103,11.5,1,2305,10,42
0.002707,1,2,2116,3121,94,89,10.4,1,2310,10,42
0.002817,1,2,2218,3094,60,58,7,1,2314,10,42
0.002057,2,4,1842,2968,89,87,9.9,2,2315,10,42
0.001523,1,2,1289,2122,92,79,10.2,1,2316,10,42
0.000838,1,2,597,1123,71,69,8.1,1,2318,10,42
0.000772,1,2,644,1165,64,62,7.4,1,2320,10,42
0.000667,1,2,428,943,86,84,9.6,1,2321,10,42
0.000651,1,2,374,885,94,92,10.4,1,2325,10,42
0.000445,1,2,175,603,103,101,11.3,1,2330,10,42
0.000495,1,2,146,505,95,93,10.5,1,2335,10,42
0.000379,0,0,96,365,78,76,8.8,0,2340,10,42
0.000275,0,0,62,226,49,47,5.9,0,2345,10,42
0.000292,0,0,64,257,54,54,6.4,0,2347,10,42
0.000318,0,0,57,231,47,47,5.7,0,2348,10,42
0.000289,0,0,80,330,70,70,8,0,2350,10,42
0.000298,0,0,72,295,62,62,7.2,0,2352,10,42
0.000328,0,0,66,266,56,56,6.6,0,2353,10,42
0.00157,1,2,1278,2105,86,86,9.6,1,2355,10,42
0.000314,0,0,82,331,72,72,8.2,0,2358,10,42
0.000294,0,0,96,397,86,86,9.6,0,2360,10,42
0.000279,0,0,78,314,68,68,7.8,0,2364,10,42
0.000339,0,0,103,423,93,93,10.3,0,2365,10,42
0.00035,0,0,101,405,91,91,10.1,0,2370,10,42
0.000369,0,0,76,297,66,66,7.6,0,2375,10,42
0.000306,0,0,82,321,72,72,8.2,0,2376,10,42
0.00036,0,0,69,267,59,59,6.9,0,2378,10,42
0.00575,1,2,5194,6568,98,96,10.8,1,2380,10,42
0.003114,1,2,3063,4063,74,72,8.4,1,2384,10,42
0.003736,1,2,3560,4637,69,67,7.9,1,2385,10,42
0.002358,1,2,2351,3201,59,57,6.9,1,2387,10,42
0.003312,1,2,2791,3795,79,77,8.9,1,2388,10,42
0.002145,1,2,1958,2793,75,73,8.5,1,2389,10,42
0.002398,1,2,2377,3426,114,112,12.4,1,2390,10,42
0.002094,1,2,1503,2352,106,104,11.6,1,2392,10,42
0.001753,1,2,1513,2529,148,146,15.8,1,2395,10,42
0.000632,0,0,223,877,175,173,18.5,0,2400,10,42
0.00102,1,2,411,1383,188,186,19.8,1,2405,10,42
0.000827,0,0,232,868,177,175,18.7,0,2410,10,42
0.000702,0,0,201,761,160,158,17,0,2412,10,42
0.000759,0,0,249,926,183,179,19.3,0,2415,10,42
0.00063,0,0,178,662,146,142,15.6,0,2420,10,42
0.000728,0,0,204,779,175,171,18.5,0,2421,10,42
0.000741,0,0,147,568,127,125,13.7,0,2425,10,42
0.000522,0,0,139,545,122,120,13.2,0,2426,10,42
0.000814,0,0,216,736,150,146,16,0,2427,10,42
0.005777,1,2,5053,6916,175,170,18.5,1,2430,10,42
0.000711,0,0,202,721,154,151,16.4,0,2432,10,42
0.005353,1,2,4209,5747,138,133,14.8,1,2435,10,42
0.000478,0,0,127,492,109,106,11.9,0,2440,10,42
0.0045,3,6,3778,5627,126,119,13.6,3,2441,10,42
0.000704,1,2,297,914,119,114,12.9,1,2445,10,42
0.000707,1,2,259,750,85,77,9.5,1,2446,10,42
0.000392,0,0,112,395,76,74,8.6,0,2447,10,42
0.000478,1,2,191,638,103,101,11.3,1,2450,10,42
0.000388,0,0,100,385,84,82,9.4,0,2453,10,42
0.000493,1,2,149,580,116,114,12.6,1,2455,10,42
