0.00027,0,0,54,222,44,44,5.4,0,0,10,0
0.000362,0,0,69,298,59,59,6.9,0,5,10,0
0.000377,0,0,84,353,74,74,8.4,0,10,10,0
0.000447,0,0,91,398,81,81,9.1,0,15,10,0
0.000442,0,0,92,391,82,82,9.2,0,20,10,0
0.000578,0,0,86,362,76,76,8.6,0,21,10,0
0.000475,0,0,102,435,92,92,10.2,0,25,10,0
0.00045,0,0,78,321,68,68,7.8,0,30,10,0
0.000983,1,2,370,970,93,93,10.3,1,31,10,0
0.000678,0,0,99,414,89,89,9.9,0,32,10,0
0.003315,1,2,1997,3073,103,103,11.3,1,35,10,0
0.000636,0,0,157,628,129,129,13.9,0,40,10,0
0.002267,1,2,1191,2060,120,120,13,1,41,10,0
0.00064,0,0,132,515,106,106,11.6,0,44,10,0
0.000729,0,0,155,620,131,131,14.1,0,45,10,0
0.001452,1,2,801,1647,129,126,13.9,1,50,10,0
0.000711,0,0,184,648,135,132,14.5,0,55,10,0
0.000666,0,0,156,608,137,134,14.7,0,60,10,0
0.000695,0,0,139,551,125,125,13.5,0,62,10,0
0.000645,0,0,150,603,136,136,14.6,0,65,10,0
0.000629,0,0,143,572,129,129,13.9,0,70,10,0
0.000488,0,0,110,434,98,98,10.8,0,74,10,0
0.000499,0,0,126,512,115,115,12.5,0,75,10,0
0.000519,0,0,94,382,84,84,9.4,0,79,10,0
0.000504,0,0,102,423,92,92,10.2,0,80,10,0
0.000413,0,0,117,502,107,107,11.7,0,85,10,0
0.00046,0,0,97,407,87,87,9.7,0,88,10,0
0.000494,0,0,104,432,94,94,10.4,0,90,10,0
0.000551,0,0,100,415,90,90,10,0,91,10,0
0.000504,0,0,121,490,98,98,10.8,0,95,10,0
0.000698,0,0,118,476,95,95,10.5,0,96,10,0
0.000666,0,0,163,647,124,124,13.4,0,100,10,0
0.002098,1,2,1125,2178,143,141,15.3,1,105,10,0
0.002566,1,2,1286,2341,158,156,16.8,1,110,10,0
0.001434,1,2,525,1255,139,137,14.9,1,113,10,0
0.001016,0,0,194,738,157,153,16.7,0,115,10,0
0.000752,0,0,163,658,151,149,16.1,0,120,10,0
0.000927,0,0,161,659,151,151,16.1,0,125,10,0
0.000699,0,0,164,658,154,153,16.4,0,130,10,0
0.026872,1,2,15540,17815,158,155,16.8,1,135,10,0
0.020964,1,2,13510,15550,159,157,16.9,1,140,10,0
0.000858,0,0,182,666,152,150,16.2,0,141,10,0
0.010464,1,2,6531,7823,145,143,15.5,1,142,10,0
0.009168,1,2,6941,8865,215,173,22.5,1,145,10,0
0.00207,0,0,898,1733,182,172,19.2,0,150,10,0
0.002754,1,2,1582,2924,180,172,19,1,155,10,0
0.001621,0,0,652,1411,187,179,19.7,0,160,10,0
0.001324,0,0,547,1286,189,181,19.9,0,165,10,0
0.001158,0,0,439,1169,195,185,20.5,0,170,10,0
0.000784,0,0,212,815,176,172,18.6,0,175,10,0
0.000954,0,0,202,776,168,164,17.8,0,176,10,0
0.000951,0,0,209,809,173,171,18.3,0,180,10,0
0.000786,0,0,164,642,141,139,15.1,0,184,10,0
0.000789,0,0,172,690,152,150,16.2,0,185,10,0
0.000767,0,0,134,537,122,120,13.2,0,189,10,0
0.00067,0,0,155,633,145,145,15.5,0,190,10,0
0.000608,0,0,117,471,107,107,11.7,0,195,10,0
0.01659,1,2,11070,13839,142,138,15.2,1,196,10,0
0.019162,1,2,12712,15666,136,132,14.6,1,197,10,0
0.012403,1,2,9665,12299,143,139,15.3,1,200,10,0
0.000894,0,0,279,835,111,108,12.1,0,204,10,0
0.000634,0,0,111,452,101,101,11.1,0,205,10,0
0.003864,1,2,2456,3598,126,122,13.6,1,206,10,0
0.00329,1,2,2269,3559,123,119,13.3,1,210,10,0
0.003186,1,2,2179,3273,115,111,12.5,1,211,10,0
0.002142,1,2,1287,2117,101,99,11.1,1,213,10,0
0.002092,1,2,1350,2154,102,98,11.2,1,215,10,0
0.001232,1,2,515,997,70,68,8,1,220,10,0
0.001211,1,2,687,1285,88,84,9.8,1,221,10,0
0.000985,1,2,352,779,73,71,8.3,1,223,10,0
0.001006,1,2,376,828,78,74,8.8,1,225,10,0
0.000605,1,2,124,393,59,57,6.9,1,229,10,0
0.000583,1,2,162,472,69,66,7.9,1,230,10,0
0.000374,0,0,75,289,64,63,7.4,0,235,10,0
0.000338,0,0,56,209,46,45,5.6,0,238,10,0
0.000408,0,0,75,293,65,64,7.5,0,240,10,0
0.000493,0,0,71,278,61,60,7.1,0,241,10,0
0.000376,0,0,70,281,60,60,7,0,245,10,0
0.000472,0,0,94,389,84,84,9.4,0,250,10,0
0.000439,0,0,97,390,87,87,9.7,0,255,10,0
0.000416,0,0,77,298,67,67,7.7,0,260,10,0
0.000477,0,0,118,478,108,108,11.8,0,261,10,0
0.003225,1,2,2305,3279,128,128,13.8,1,265,10,0
0.000649,0,0,161,647,139,139,14.9,0,270,10,0
0.001593,1,2,862,1678,146,146,15.6,1,275,10,0
0.000817,0,0,279,848,118,115,12.8,0,280,10,0
0.000836,1,2,226,736,111,110,12.1,1,285,10,0
0.000772,0,0,120,489,104,103,11.4,0,286,10,0
0.00067,1,2,141,565,109,109,11.9,1,290,10,0
0.003873,1,2,2487,3832,125,125,13.5,1,295,10,0
0.000693,0,0,135,536,112,112,12.2,0,300,10,0
0.002084,1,2,1263,2203,126,126,13.6,1,305,10,0
0.000722,0,0,141,585,118,118,12.8,0,306,10,0
0.001121,1,2,493,1177,123,122,13.3,1,310,10,0
0.000612,0,0,140,579,121,120,13.1,0,315,10,0
0.000574,0,0,125,511,112,111,12.2,0,320,10,0
0.000638,0,0,98,408,88,88,9.8,0,324,10,0
0.000525,0,0,120,508,110,110,12,0,325,10,0
0.000809,1,2,207,700,96,94,10.6,1,330,10,0
0.000451,0,0,94,366,84,83,9.4,0,335,10,0
0.000511,0,0,75,294,65,65,7.5,0,338,10,0
0.000457,0,0,67,258,57,57,6.7,0,340,10,0
0.000448,0,0,75,290,65,65,7.5,0,341,10,0
0.000343,0,0,72,275,62,62,7.2,0,345,10,0
0.00032,0,0,53,191,43,43,5.3,0,348,10,0
0.000296,0,0,62,231,52,52,6.2,0,350,10,0
0.000308,0,0,53,194,43,43,5.3,0,352,10,0
0.000342,0,0,47,161,35,32,4.5,0,354,10,0
0.000388,0,0,66,264,56,56,6.6,0,355,10,0
0.00035,0,0,75,300,65,65,7.5,0,360,10,0
0.00036,0,0,61,239,51,51,6.1,0,363,10,0
0.00034,0,0,57,219,47,47,5.7,0,365,10,0
0.000412,0,0,74,303,64,64,7.4,0,366,10,0
0.000399,0,0,71,290,61,61,7.1,0,367,10,0
0.000461,0,0,82,308,64,62,7.4,0,370,10,0
0.000361,0,0,85,326,69,66,7.9,0,375,10,0
0.000415,0,0,82,329,72,71,8.2,0,380,10,0
0.00042,0,0,75,302,65,65,7.5,0,382,10,0
0.000453,0,0,123,425,83,81,9.3,0,385,10,0
0.000453,0,0,109,422,91,89,10.1,0,390,10,0
0.000465,0,0,95,374,85,85,9.5,0,395,10,0
0.000589,0,0,108,447,98,98,10.8,0,400,10,0
0.00047,0,0,82,332,72,72,8.2,0,404,10,0
0.000511,0,0,127,536,117,117,12.7,0,405,10,0
0.000545,0,0,115,484,105,105,11.5,0,410,10,0
0.000566,0,0,107,450,97,97,10.7,0,411,10,0
0.000528,0,0,100,415,90,90,10,0,413,10,0
0.00055,0,0,109,447,99,99,10.9,0,415,10,0
0.003019,1,2,2065,3150,112,107,12.2,1,420,10,0
0.001427,0,0,915,1443,110,93,12,0,425,10,0
0.000801,0,0,409,796,81,69,9.1,0,430,10,0
0.000671,0,0,299,704,95,85,10.5,0,431,10,0
0.000497,0,0,134,486,94,92,10.4,0,435,10,0
0.000577,0,0,113,458,103,103,11.3,0,440,10,0
0.000667,0,0,125,458,92,90,10.2,0,442,10,0
0.000472,0,0,91,359,81,81,9.1,0,445,10,0
0.000527,0,0,85,331,75,75,8.5,0,446,10,0
0.000396,0,0,81,325,71,71,8.1,0,450,10,0
0.001126,0,0,558,1049,81,66,9.1,0,451,10,0
0.000375,0,0,62,239,52,52,6.2,0,453,10,0
0.000624,0,0,147,508,84,82,9.4,0,455,10,0
0.00043,0,0,88,357,78,78,8.8,0,460,10,0
0.000397,0,0,88,337,74,72,8.4,0,465,10,0
0.000523,0,0,77,293,67,67,7.7,0,466,10,0
0.000413,0,0,105,399,86,86,9.6,0,470,10,0
0.007573,1,2,4423,5654,81,81,9.1,1,471,10,0
0.003646,0,0,2393,3153,115,84,12.5,0,475,10,0
0.000876,1,2,249,801,110,108,12,1,480,10,0
0.000572,0,0,132,520,108,106,11.8,0,485,10,0
0.000686,0,0,106,418,88,88,9.8,0,489,10,0
0.000896,1,1,253,700,96,91,10.6,1,490,10,0
0.000459,0,0,90,343,74,74,8.4,0,495,10,0
0.000533,0,0,117,355,66,59,7.6,0,497,10,0
0.00046,1,1,90,309,58,54,6.8,1,498,10,0
0.001406,1,2,877,1433,71,69,8.1,1,500,10,0
0.001316,1,2,694,1210,65,63,7.5,1,501,10,0
0.000771,0,0,434,778,80,62,9,0,505,10,0
0.000555,0,0,254,536,73,59,8.3,0,510,10,0
0.000575,1,1,298,593,65,53,7.5,1,511,10,0
0.000443,1,1,185,494,78,72,8.8,1,515,10,0
0.00031,0,0,63,235,52,50,6.2,0,519,10,0
0.000398,0,0,94,383,84,84,9.4,0,520,10,0
0.001239,1,2,630,1311,91,89,10.1,1,525,10,0
0.001069,1,2,485,1029,82,80,9.2,1,527,10,0
0.000878,1,1,380,1014,126,111,13.6,1,530,10,0
0.000654,1,1,163,584,127,122,13.7,1,535,10,0
0.000691,1,1,160,620,118,118,12.8,1,540,10,0
0.002876,1,2,2038,3021,125,122,13.5,1,545,10,0
0.000866,1,1,239,766,119,116,12.9,1,546,10,0
0.002082,1,2,1207,1975,122,121,13.2,1,550,10,0
0.001183,1,1,623,1184,125,107,13.5,1,555,10,0
0.000748,0,0,297,771,126,115,13.6,0,560,10,0
0.000679,1,1,182,555,94,86,10.4,1,564,10,0
0.000584,0,0,150,536,110,104,12,0,565,10,0
0.0006,1,1,116,482,98,96,10.8,1,570,10,0
0.000535,0,0,109,461,99,99,10.9,0,575,10,0
0.000629,0,0,112,467,102,102,11.2,0,580,10,0
0.000494,0,0,104,430,94,94,10.4,0,585,10,0
0.00044,0,0,97,388,87,87,9.7,0,590,10,0
0.000411,0,0,73,285,63,63,7.3,0,594,10,0
0.000419,0,0,96,379,86,86,9.6,0,595,10,0
0.000498,0,0,90,362,80,80,9,0,600,10,0
0.000526,0,0,75,296,65,65,7.5,0,602,10,0
0.000401,0,0,73,287,63,63,7.3,0,603,10,0
0.000524,0,0,114,461,94,94,10.4,0,605,10,0
0.000633,0,0,119,478,98,98,10.8,0,610,10,0
0.002801,1,2,1538,2470,108,107,11.8,1,615,10,0
0.000625,0,0,117,465,101,100,11.1,0,616,10,0
0.002332,1,2,1260,2133,122,118,13.2,1,620,10,0
0.000674,0,0,146,505,101,97,11.1,0,623,10,0
0.001868,1,2,991,1807,128,124,13.8,1,625,10,0
0.002475,1,2,1406,3021,136,131,14.6,1,630,10,0
0.001325,1,2,683,1848,118,113,12.8,1,633,10,0
0.003475,2,4,2090,4193,139,130,14.9,2,635,10,0
0.001647,1,2,755,1810,130,122,14,1,640,10,0
0.001977,2,4,997,2025,114,108,12.4,2,642,10,0
0.000994,1,2,358,1029,130,124,14,1,645,10,0
0.001199,2,4,453,1141,127,121,13.7,2,650,10,0
0.000774,1,2,204,734,136,134,14.6,1,655,10,0
0.001152,2,4,199,680,120,118,13,2,657,10,0
0.000627,0,0,120,481,107,107,11.7,0,659,10,0
0.000744,2,4,160,629,128,128,13.8,2,660,10,0
0.000605,0,0,114,481,104,104,11.4,0,664,10,0
0.000528,0,0,134,568,124,124,13.4,0,665,10,0
0.000669,0,0,129,545,119,119,12.9,0,666,10,0
0.000608,0,0,131,552,121,121,13.1,0,670,10,0
0.000575,0,0,121,504,111,111,12.1,0,675,10,0
0.000494,0,0,103,423,93,93,10.3,0,677,10,0
0.000515,0,0,119,487,109,109,11.9,0,680,10,0
0.000485,0,0,87,338,77,77,8.7,0,684,10,0
0.000483,0,0,102,402,92,91,10.2,0,685,10,0
0.00045,0,0,103,405,93,92,10.3,0,690,10,0
0.000471,0,0,88,344,78,78,8.8,0,693,10,0
0.000401,0,0,94,370,84,84,9.4,0,695,10,0
0.00242,1,2,1610,2407,89,89,9.9,1,700,10,0
0.000521,0,0,86,342,76,76,8.6,0,702,10,0
0.001134,1,2,567,1084,89,89,9.9,1,705,10,0
0.000727,0,0,324,658,84,71,9.4,0,708,10,0
0.005912,1,2,4152,5372,102,102,11.2,1,710,10,0
0.005491,0,0,3874,4917,136,93,14.6,0,712,10,0
0.004537,0,0,3275,4192,123,91,13.3,0,715,10,0
0.004665,0,0,3207,4066,117,82,12.7,0,717,10,0
0.003705,0,0,2934,3795,134,103,14.4,0,720,10,0
0.002507,1,2,1733,2731,130,105,14,1,725,10,0
0.001535,0,0,996,1630,129,108,13.9,0,730,10,0
0.001217,0,0,642,1172,116,98,12.6,0,732,10,0
0.000968,0,0,482,1012,127,113,13.7,0,735,10,0
0.00093,1,2,422,1286,145,135,15.5,1,740,10,0
0.000772,0,0,185,702,146,140,15.6,0,745,10,0
0.001007,1,2,244,923,136,132,14.6,1,746,10,0
0.000599,0,0,155,607,131,129,14.1,0,750,10,0
0.00072,1,2,225,862,144,142,15.4,1,755,10,0
0.002753,1,2,1951,3132,128,118,13.8,1,758,10,0
0.000773,0,0,346,844,121,108,13.1,0,760,10,0
0.003278,1,1,2238,3341,128,114,13.8,1,761,10,0
0.003783,3,6,2483,4031,143,131,15.3,3,765,10,0
0.001188,0,0,712,1375,146,134,15.6,0,770,10,0
0.002117,3,6,993,1968,129,119,13.9,3,772,10,0
0.001073,0,0,477,1110,153,142,16.3,0,775,10,0
0.000999,0,0,279,808,145,134,15.5,0,776,10,0
0.000742,1,2,213,804,145,140,15.5,1,780,10,0
0.000628,0,0,183,760,161,161,17.1,0,785,10,0
0.001383,1,2,780,1571,138,138,14.8,1,790,10,0
0.000694,0,0,180,671,129,127,13.9,0,795,10,0
0.000555,0,0,119,487,109,109,11.9,0,797,10,0
0.000632,0,0,114,469,104,104,11.4,0,798,10,0
0.000495,0,0,124,507,114,114,12.4,0,800,10,0
0.000484,0,0,105,427,95,95,10.5,0,803,10,0
0.000598,0,0,123,499,113,113,12.3,0,805,10,0
0.000602,0,0,117,471,107,107,11.7,0,810,10,0
0.000867,0,0,319,721,90,84,10,0,815,10,0
0.000489,0,0,139,445,85,81,9.5,0,820,10,0
0.000603,0,0,183,482,80,74,9,0,821,10,0
0.000498,0,0,89,306,64,60,7.4,0,824,10,0
0.000436,0,0,103,357,73,67,8.3,0,825,10,0
0.00039,0,0,76,307,66,66,7.6,0,830,10,0
0.000336,0,0,71,294,61,61,7.1,0,835,10,0
0.000519,0,0,63,257,53,53,6.3,0,837,10,0
0.003696,1,2,2739,3616,79,77,8.9,1,840,10,0
0.004165,1,2,2493,3638,109,107,11.9,1,845,10,0
0.000613,0,0,113,471,103,103,11.3,0,850,10,0
0.001458,1,2,778,1356,81,81,9.1,1,854,10,0
0.001198,0,0,558,1011,106,89,11.6,0,855,10,0
0.000699,0,0,276,727,121,110,13.1,0,860,10,0
0.000542,0,0,146,530,110,105,12,0,865,10,0
0.000543,0,0,101,392,86,84,9.6,0,869,10,0
0.003024,1,2,1527,2333,97,97,10.7,1,870,10,0
0.000609,0,0,96,377,81,81,9.1,0,873,10,0
0.000589,0,0,187,627,117,113,12.7,0,875,10,0
0.000645,0,0,142,587,129,129,13.9,0,880,10,0
0.000616,0,0,131,544,119,119,12.9,0,885,10,0
0.00095,1,2,206,705,112,112,12.2,1,886,10,0
0.000509,0,0,126,516,114,114,12.4,0,890,10,0
0.000598,0,0,121,488,111,111,12.1,0,895,10,0
0.00056,0,0,116,472,106,106,11.6,0,900,10,0
0.000717,0,0,177,559,98,96,10.8,0,905,10,0
0.000536,0,0,90,357,80,80,9,0,907,10,0
0.000582,0,0,149,453,77,75,8.7,0,908,10,0
0.000516,0,0,75,289,65,65,7.5,0,910,10,0
0.000576,0,0,159,507,87,85,9.7,0,911,10,0
0.00169,1,2,931,1505,71,71,8.1,1,913,10,0
0.000455,0,0,164,501,82,78,9.2,0,915,10,0
0.001168,2,4,572,1115,73,71,8.3,2,916,10,0
0.000514,0,0,129,484,94,90,10.4,0,920,10,0
0.000443,0,0,88,344,78,78,8.8,0,922,10,0
0.00044,0,0,102,409,92,92,10.2,0,925,10,0
0.000548,0,0,96,386,86,86,9.6,0,926,10,0
0.000597,0,0,90,359,80,80,9,0,927,10,0
0.000465,0,0,106,436,96,96,10.6,0,930,10,0
0.000615,0,0,98,401,88,88,9.8,0,931,10,0
0.000528,0,0,88,355,78,78,8.8,0,934,10,0
0.000523,0,0,100,409,90,90,10,0,935,10,0
0.000587,0,0,140,514,104,102,11.4,0,940,10,0
0.000525,0,0,122,460,99,97,10.9,0,945,10,0
0.000815,1,2,286,932,116,114,12.6,1,950,10,0
0.000642,0,0,127,541,115,113,12.5,0,955,10,0
0.000483,0,0,105,452,95,95,10.5,0,959,10,0
0.000589,0,0,138,595,128,128,13.8,0,960,10,0
0.00054,0,0,139,592,129,129,13.9,0,965,10,0
0.00069,0,0,121,510,111,111,12.1,0,968,10,0
0.000699,0,0,132,556,122,122,13.2,0,970,10,0
0.00069,0,0,127,535,117,117,12.7,0,971,10,0
0.002262,1,2,1489,2415,123,123,13.3,1,975,10,0
0.001041,1,2,373,1207,138,136,14.8,1,980,10,0
0.001633,2,4,869,1940,128,126,13.8,2,985,10,0
0.003711,2,4,2595,3883,109,107,11.9,2,988,10,0
0.003091,1,2,2169,3161,140,110,15,1,990,10,0
0.002564,0,0,1749,2548,126,99,13.6,0,992,10,0
0.002382,1,2,1581,2349,113,87,12.3,1,994,10,0
0.0005,0,0,136,526,112,109,12.2,0,995,10,0
0.000989,1,2,583,1137,106,102,11.6,1,1000,10,0
0.000566,0,0,121,437,94,90,10.4,0,1002,10,0
0.000746,1,2,321,838,115,112,12.5,1,1005,10,0
0.000488,0,0,127,519,115,115,12.5,0,1010,10,0
0.00064,1,2,135,518,100,100,11,1,1012,10,0
0.000528,0,0,124,505,114,114,12.4,0,1015,10,0
0.000579,0,0,103,415,93,93,10.3,0,1018,10,0
0.000493,0,0,90,356,80,80,9,0,1020,10,0
0.00524,2,4,4126,5432,115,115,12.5,2,1021,10,0
0.001077,0,0,508,996,118,103,12.8,0,1023,10,0
0.000591,0,0,120,504,110,110,12,0,1025,10,0
0.000614,0,0,188,575,107,99,11.7,0,1030,10,0
0.000499,0,0,111,458,101,101,11.1,0,1035,10,0
0.000434,0,0,117,484,107,107,11.7,0,1040,10,0
0.000603,0,0,110,454,100,100,11,0,1041,10,0
0.0005,0,0,91,367,81,81,9.1,0,1045,10,0
0.000576,0,0,99,398,89,89,9.9,0,1046,10,0
0.000542,0,0,100,407,90,90,10,0,1050,10,0
0.013806,2,4,9434,12472,98,96,10.8,2,1055,10,0
0.00311,1,2,1955,2947,78,76,8.8,1,1058,10,0
0.003083,1,2,2172,3292,100,98,11,1,1060,10,0
0.002336,0,0,1634,2423,109,81,11.9,0,1063,10,0
0.002145,0,0,1482,2348,139,110,14.9,0,1065,10,0
0.001236,1,1,699,1325,124,103,13.4,1,1070,10,0
0.001099,0,0,573,1044,109,89,11.9,0,1072,10,0
0.000913,1,1,420,967,129,113,13.9,1,1075,10,0
0.002462,1,2,1413,2334,128,114,13.8,1,1080,10,0
0.000683,1,1,255,727,115,105,12.5,1,1085,10,0
0.000518,0,0,110,434,94,91,10.4,0,1087,10,0
0.000645,0,0,236,679,125,116,13.5,0,1090,10,0
0.006058,1,2,4439,5653,111,105,12.1,1,1092,10,0
0.004307,0,0,3807,4842,155,120,16.5,0,1095,10,0
0.003351,0,0,2960,3929,157,128,16.7,0,1100,10,0
0.004764,1,1,4289,5548,139,113,14.9,1,1102,10,0
0.002629,0,0,1988,2746,130,105,14,0,1104,10,0
0.002652,1,2,1756,2716,150,126,16,1,1105,10,0
0.002967,0,0,2169,3197,138,108,14.8,0,1109,10,0
0.001603,1,2,897,1579,122,103,13.2,1,1110,10,0
0.002312,0,0,1848,2822,147,114,15.7,0,1111,10,0
0.000841,0,0,401,837,114,94,12.4,0,1115,10,0
0.001163,0,0,765,1381,128,109,13.8,0,1120,10,0
0.000531,0,0,129,488,113,109,12.3,0,1125,10,0
0.000873,0,0,389,902,119,108,12.9,0,1130,10,0
0.000566,0,0,109,428,99,99,10.9,0,1131,10,0
0.000545,0,0,95,370,85,85,9.5,0,1133,10,0
0.001008,0,0,524,1118,127,122,13.7,0,1135,10,0
0.000769,0,0,115,465,105,105,11.5,0,1140,10,0
0.000581,0,0,98,395,88,88,9.8,0,1143,10,0
0.000462,0,0,123,506,113,113,12.3,0,1145,10,0
0.000754,0,0,106,434,96,96,10.6,0,1148,10,0
0.000562,0,0,118,481,108,108,11.8,0,1150,10,0
0.000641,0,0,106,429,96,96,10.6,0,1152,10,0
0.000567,0,0,119,496,109,109,11.9,0,1155,10,0
0.000505,0,0,117,470,107,107,11.7,0,1160,10,0
0.000559,0,0,110,440,100,100,11,0,1165,10,0
0.000506,0,0,92,360,82,82,9.2,0,1168,10,0
0.000605,0,0,108,432,98,98,10.8,0,1170,10,0
0.000497,0,0,117,475,107,107,11.7,0,1175,10,0
0.000767,1,1,149,608,99,99,10.9,1,1176,10,0
0.000542,0,0,97,387,87,87,9.7,0,1178,10,0
0.000603,1,1,144,579,98,98,10.8,1,1180,10,0
0.00047,0,0,83,315,73,73,8.3,0,1184,10,0
0.001105,1,1,234,687,91,87,10.1,1,1185,10,0
0.000716,0,0,194,535,86,82,9.6,0,1186,10,0
0.00063,1,1,190,585,86,82,9.6,1,1190,10,0
0.000733,0,0,414,849,97,83,10.7,0,1195,10,0
0.001959,1,2,1511,2261,70,57,8,1,1200,10,0
0.000652,0,0,224,595,94,81,10.4,0,1201,10,0
0.002343,2,4,1466,2434,105,99,11.5,2,1205,10,0
0.000721,0,0,174,549,99,95,10.9,0,1206,10,0
0.00151,2,4,908,1578,86,82,9.6,2,1210,10,0
0.000714,0,0,269,606,85,77,9.5,0,1211,10,0
0.000704,1,2,267,610,60,58,7,1,1214,10,0
0.000648,0,0,215,552,85,78,9.5,0,1215,10,0
0.000594,0,0,182,463,72,65,8.2,0,1217,10,0
0.000537,0,0,175,507,91,84,10.1,0,1220,10,0
0.000511,0,0,124,393,79,72,8.9,0,1222,10,0
0.000426,0,0,135,516,108,103,11.8,0,1225,10,0
0.00578,2,4,3877,5592,106,102,11.6,2,1230,10,0
0.00147,1,2,807,1597,117,109,12.7,1,1235,10,0
0.000783,1,2,253,782,99,95,10.9,1,1237,10,0
0.00089,1,2,282,800,104,100,11.4,1,1240,10,0
0.001228,2,4,613,1329,97,95,10.7,2,1241,10,0
0.000767,1,2,170,595,96,94,10.6,1,1245,10,0
0.000875,1,2,235,668,77,75,8.7,1,1248,10,0
0.002819,1,2,1872,2920,100,98,11,1,1250,10,0
0.001552,2,4,720,1428,76,74,8.6,2,1254,10,0
0.00193,1,2,1162,1946,93,91,10.3,1,1255,10,0
0.001137,1,2,523,1102,101,99,11.1,1,1260,10,0
0.001647,1,2,829,1445,92,90,10.2,1,1261,10,0
0.001052,1,2,438,918,79,77,8.9,1,1263,10,0
0.001261,1,2,657,1221,92,90,10.2,1,1265,10,0
0.000818,1,2,256,637,81,79,9.1,1,1267,10,0
0.000839,1,2,310,844,114,107,12.4,1,1270,10,0
0.000859,1,2,156,584,109,107,11.9,1,1275,10,0
0.000727,1,2,143,531,96,96,10.6,1,1277,10,0
0.00056,0,0,138,550,112,112,12.2,0,1280,10,0
0.000613,0,0,127,504,99,99,10.9,0,1282,10,0
0.000608,0,0,111,439,89,89,9.9,0,1284,10,0
0.000798,0,0,296,904,131,129,14.1,0,1285,10,0
0.000631,0,0,146,610,136,136,14.6,0,1290,10,0
0.000737,0,0,129,548,119,119,12.9,0,1295,10,0
0.000526,0,0,115,483,105,105,11.5,0,1297,10,0
0.000627,0,0,128,541,118,118,12.8,0,1300,10,0
0.000612,0,0,141,562,117,115,12.7,0,1305,10,0
0.001372,1,2,791,1554,98,96,10.8,1,1308,10,0
0.000534,0,0,144,584,126,124,13.6,0,1310,10,0
0.000539,0,0,136,565,125,123,13.5,0,1315,10,0
0.000741,0,0,127,530,117,117,12.7,0,1316,10,0
0.00063,0,0,126,537,116,116,12.6,0,1320,10,0
0.000522,0,0,112,475,102,102,11.2,0,1322,10,0
0.000457,0,0,99,414,89,89,9.9,0,1325,10,0
0.000486,0,0,129,555,119,119,12.9,0,1326,10,0
0.000523,0,0,137,575,127,127,13.7,0,1330,10,0
0.000678,0,0,123,510,113,113,12.3,0,1332,10,0
0.000494,0,0,125,524,115,115,12.5,0,1335,10,0
0.000535,0,0,117,486,107,107,11.7,0,1336,10,0
0.000556,0,0,110,453,100,100,11,0,1337,10,0
0.000558,0,0,130,536,120,120,13,0,1340,10,0
0.001358,1,2,766,1522,112,110,12.2,1,1345,10,0
0.001434,1,2,924,1603,91,89,10.1,1,1348,10,0
0.000959,1,2,398,945,109,107,11.9,1,1350,10,0
0.000638,0,0,176,551,108,99,11.8,0,1355,10,0
0.000659,0,0,132,456,95,88,10.5,0,1356,10,0
0.000621,0,0,214,627,104,98,11.4,0,1360,10,0
0.000573,0,0,103,389,88,88,9.8,0,1361,10,0
0.000581,0,0,142,487,95,93,10.5,0,1365,10,0
0.001761,1,2,951,1547,86,86,9.6,1,1366,10,0
0.000694,1,2,170,580,96,96,10.6,1,1370,10,0
0.00058,0,0,91,359,81,81,9.1,0,1375,10,0
0.000481,0,0,83,329,73,73,8.3,0,1380,10,0
0.000477,0,0,67,262,57,57,6.7,0,1382,10,0
0.000353,0,0,61,235,51,51,6.1,0,1383,10,0
0.00035,0,0,62,235,50,49,6,0,1385,10,0
0.000332,0,0,55,208,45,44,5.5,0,1386,10,0
0.000248,0,0,40,142,30,30,4,0,1389,10,0
0.000369,0,0,74,302,64,64,7.4,0,1390,10,0
0.000652,1,2,328,721,46,46,5.6,1,1394,10,0
0.000358,0,0,82,335,72,72,8.2,0,1395,10,0
0.000388,0,0,69,270,59,59,6.9,0,1399,10,0
0.000601,1,2,195,551,59,59,6.9,1,1400,10,0
0.001393,1,2,1080,1706,85,85,9.5,1,1401,10,0
0.00064,1,2,141,559,101,101,11.1,1,1405,10,0
0.000877,1,2,361,880,109,109,11.9,1,1410,10,0
0.008247,3,6,5299,7438,123,121,13.3,3,1415,10,0
0.003866,2,4,2530,3678,120,118,13,2,1420,10,0
0.004565,2,4,3052,4247,97,95,10.7,2,1423,10,0
0.00198,1,2,1302,2089,107,99,11.7,1,1425,10,0
0.001587,1,2,980,1712,113,106,12.3,1,1430,10,0
0.001271,1,2,562,1120,101,94,11.1,1,1432,10,0
0.00099,1,2,556,1153,113,110,12.3,1,1435,10,0
0.001089,1,2,444,1142,122,116,13.2,1,1440,10,0
0.001215,2,3,516,1348,114,108,12.4,2,1445,10,0
0.000745,1,2,209,643,90,86,10,1,1449,10,0
0.000799,1,1,277,908,116,114,12.6,1,1450,10,0
0.000545,0,0,124,456,98,96,10.8,0,1455,10,0
0.00642,2,4,4558,6618,103,99,11.3,2,1460,10,0
0.000529,0,0,132,501,94,92,10.4,0,1461,10,0
0.005765,3,6,3485,5551,107,103,11.7,4,1465,10,0
0.000707,0,0,123,483,91,89,10.1,0,1467,10,0
0.004535,2,4,2733,4429,104,102,11.4,3,1470,10,0
0.000575,0,0,151,624,122,122,13.2,0,1475,10,0
0.003338,2,4,1984,3084,127,127,13.7,2,1480,10,0
0.000664,0,0,155,623,126,126,13.6,0,1485,10,0
0.000718,0,0,150,618,126,126,13.6,0,1490,10,0
0.000907,0,0,141,578,118,118,12.8,0,1491,10,0
0.000585,0,0,125,517,115,115,12.5,0,1495,10,0
0.000687,0,0,128,522,118,118,12.8,0,1500,10,0
0.006425,1,2,4218,5436,129,127,13.9,1,1505,10,0
0.006275,1,2,4464,5688,116,114,12.6,1,1507,10,0
0.000749,0,0,161,587,113,111,12.3,0,1510,10,0
0.006618,1,2,4827,6212,139,137,14.9,1,1515,10,0
0.000801,0,0,133,542,116,116,12.6,0,1519,10,0
0.0052,1,2,3438,4589,142,140,15.2,1,1520,10,0
0.000981,0,0,171,652,133,131,14.3,0,1525,10,0
0.004774,2,4,3030,4734,145,143,15.5,2,1530,10,0
0.00074,0,0,183,716,139,137,14.9,0,1535,10,0
0.002527,2,4,1446,2676,127,127,13.7,2,1540,10,0
0.000631,0,0,159,647,123,123,13.3,0,1545,10,0
0.001411,1,2,501,1182,118,118,12.8,1,1550,10,0
0.000673,0,0,124,512,104,104,11.4,0,1552,10,0
0.00089,1,1,342,874,106,94,11.6,1,1553,10,0
0.000642,0,0,111,446,93,93,10.3,0,1555,10,0
0.000497,0,0,91,365,76,76,8.6,0,1557,10,0
0.000434,0,0,74,292,62,62,7.2,0,1559,10,0
0.000427,0,0,102,405,85,84,9.5,0,1560,10,0
0.000449,0,0,86,334,70,69,8,0,1562,10,0
0.0006,0,0,119,477,104,104,11.4,0,1565,10,0
0.005224,1,2,3286,4225,91,91,10.1,1,1567,10,0
0.00927,2,4,6216,7593,131,127,14.1,2,1570,10,0
0.025685,2,4,15752,18870,200,159,21,2,1575,10,0
0.00102,0,0,195,780,165,165,17.5,0,1580,10,0
0.006035,1,2,3399,4664,151,151,16.1,1,1582,10,0
0.000975,0,0,192,781,163,163,17.3,0,1585,10,0
0.016582,1,2,9395,11906,161,143,17.1,1,1588,10,0
0.001058,0,0,187,766,160,160,17,0,1590,10,0
0.010723,1,2,6672,8580,147,129,15.7,1,1595,10,0
0.000937,0,0,176,714,151,151,16.1,0,1596,10,0
0.008281,1,2,5153,6897,174,156,18.4,1,1600,10,0
0.004041,1,2,1923,3028,160,160,17,1,1605,10,0
0.000969,0,0,136,569,126,126,13.6,0,1609,10,0
0.001855,1,2,782,1555,138,138,14.8,1,1610,10,0
0.000726,0,0,111,459,101,101,11.1,0,1615,10,0
0.002753,0,0,1472,2276,130,120,14,0,1616,10,0
0.001671,0,0,732,1297,112,104,12.2,0,1618,10,0
0.002079,0,0,966,1594,119,109,12.9,0,1620,10,0
0.001312,0,0,532,969,96,88,10.6,0,1623,10,0
0.001371,0,0,674,1132,107,97,11.7,0,1625,10,0
0.001205,0,0,473,884,98,90,10.8,0,1626,10,0
0.00127,0,0,585,962,86,76,9.6,0,1628,10,0
0.001017,0,0,427,873,102,94,11.2,0,1630,10,0
0.001143,0,0,439,787,77,67,8.7,0,1634,10,0
0.00165,1,2,821,1427,82,74,9.2,1,1635,10,0
0.000978,0,0,376,702,75,65,8.5,0,1636,10,0
0.001026,1,2,457,849,61,51,7.1,1,1639,10,0
0.00116,1,2,506,1057,82,71,9.2,1,1640,10,0
0.001126,2,4,371,850,64,55,7.4,2,1643,10,0
0.000693,0,0,142,491,96,88,10.6,0,1645,10,0
0.000716,1,2,138,514,100,100,11,1,1650,10,0
0.000635,0,0,105,405,88,88,9.8,0,1652,10,0
0.000616,0,0,127,496,108,108,11.8,0,1655,10,0
0.000671,0,0,134,521,115,115,12.5,0,1660,10,0
0.000533,0,0,109,413,90,90,10,0,1665,10,0
0.000705,0,0,131,508,112,112,12.2,0,1666,10,0
0.00073,0,0,124,491,107,107,11.7,0,1670,10,0
0.001056,0,0,398,944,117,112,12.7,0,1675,10,0
0.000683,0,0,107,430,97,97,10.7,0,1677,10,0
0.00085,1,2,276,840,100,100,11,1,1680,10,0
0.00074,0,0,169,580,106,104,11.6,0,1685,10,0
0.00115,1,2,264,801,97,95,10.7,1,1686,10,0
0.00392,1,2,2437,3319,83,81,9.3,1,1689,10,0
0.000909,1,2,212,807,108,105,11.8,1,1690,10,0
0.000708,0,0,136,530,111,109,12.1,0,1695,10,0
0.000651,0,0,122,497,112,110,12.2,0,1700,10,0
0.000672,0,0,99,394,89,89,9.9,0,1704,10,0
0.005139,1,2,3208,4222,114,114,12.4,1,1705,10,0
0.003609,1,2,2023,2855,91,91,10.1,1,1709,10,0
0.003762,1,2,2137,3145,118,114,12.8,1,1710,10,0
0.002092,1,2,992,1674,92,92,10.2,1,1715,10,0
0.001931,1,2,983,1667,98,98,10.8,1,1716,10,0
0.001424,1,2,471,1055,99,97,10.9,1,1720,10,0
0.001331,1,2,456,983,89,87,9.9,1,1721,10,0
0.000874,1,2,211,686,104,104,11.4,1,1725,10,0
0.000836,1,2,141,501,85,85,9.5,1,1728,10,0
0.000631,0,0,111,444,100,99,11,0,1730,10,0
0.002092,1,2,941,1489,76,75,8.6,1,1734,10,0
0.000606,0,0,104,412,94,93,10.4,0,1735,10,0
0.001772,1,2,819,1362,88,87,9.8,1,1736,10,0
0.000632,0,0,92,360,82,81,9.2,0,1737,10,0
0.000949,1,2,331,743,89,88,9.9,1,1740,10,0
0.000607,0,0,147,409,75,67,8.5,0,1744,10,0
0.000538,0,0,114,456,104,104,11.4,0,1745,10,0
0.000555,0,0,89,355,79,79,8.9,0,1750,10,0
0.000791,0,0,251,620,98,90,10.8,0,1751,10,0
0.000683,1,2,124,457,92,88,10.2,1,1755,10,0
0.000598,0,0,92,344,80,78,9,0,1757,10,0
0.000576,0,0,86,319,75,73,8.5,0,1758,10,0
0.00059,0,0,112,426,97,95,10.7,0,1760,10,0
0.000704,0,0,142,434,77,75,8.7,0,1764,10,0
0.000663,0,0,116,462,106,106,11.6,0,1765,10,0
0.000739,0,0,140,488,95,93,10.5,0,1768,10,0
0.000643,0,0,93,366,83,83,9.3,0,1770,10,0
0.000634,0,0,127,517,117,117,12.7,0,1771,10,0
0.000705,0,0,139,528,115,113,12.5,0,1775,10,0
0.000683,0,0,110,413,90,88,10,0,1779,10,0
0.000723,0,0,129,490,110,108,12,0,1780,10,0
0.000644,0,0,100,379,85,83,9.5,0,1784,10,0
0.000608,0,0,112,440,99,97,10.9,0,1785,10,0
0.000591,0,0,90,356,80,80,9,0,1788,10,0
0.000601,0,0,109,445,99,99,10.9,0,1790,10,0
0.000582,0,0,89,358,79,79,8.9,0,1793,10,0
0.000649,0,0,95,381,85,85,9.5,0,1795,10,0
0.000538,0,0,95,381,85,85,9.5,0,1800,10,0
0.00054,0,0,81,321,71,71,8.1,0,1802,10,0
0.000496,0,0,74,293,64,64,7.4,0,1803,10,0
0.00052,0,0,69,272,59,59,6.9,0,1804,10,0
0.000471,0,0,79,316,69,69,7.9,0,1805,10,0
0.000476,0,0,66,257,56,56,6.6,0,1808,10,0
0.00205,1,2,1197,1801,76,76,8.6,1,1810,10,0
0.00049,0,0,95,384,85,85,9.5,0,1815,10,0
0.000556,0,0,80,318,70,70,8,0,1818,10,0
0.000493,0,0,89,359,79,79,8.9,0,1820,10,0
0.000626,0,0,78,309,68,68,7.8,0,1822,10,0
0.000475,0,0,67,263,57,57,6.7,0,1825,10,0
0.000474,0,0,92,380,82,82,9.2,0,1826,10,0
0.000512,0,0,73,297,63,63,7.3,0,1830,10,0
0.000496,0,0,72,290,62,62,7.2,0,1831,10,0
0.000384,0,0,62,246,52,52,6.2,0,1835,10,0
0.000423,0,0,54,210,44,44,5.4,0,1836,10,0
0.000357,0,0,74,292,64,64,7.4,0,1840,10,0
0.000421,0,0,55,205,45,45,5.5,0,1844,10,0
0.00054,0,0,91,367,81,81,9.1,0,1845,10,0
0.000528,0,0,100,404,90,90,10,0,1850,10,0
0.000639,0,0,155,562,106,104,11.6,0,1855,10,0
0.002045,1,2,1110,1853,104,102,11.4,1,1860,10,0
0.000679,0,0,130,509,104,102,11.4,0,1865,10,0
0.001178,1,2,363,872,99,99,10.9,1,1870,10,0
0.000611,0,0,92,366,74,74,8.4,0,1874,10,0
0.000831,1,2,216,694,108,108,11.8,1,1875,10,0
0.000804,0,0,110,451,98,98,10.8,0,1880,10,0
0.000562,0,0,86,349,76,76,8.6,0,1883,10,0
0.000541,0,0,103,425,91,91,10.1,0,1885,10,0
0.000621,0,0,113,461,101,101,11.1,0,1890,10,0
0.000636,0,0,104,419,92,92,10.2,0,1892,10,0
0.000607,0,0,110,449,98,98,10.8,0,1895,10,0
0.000615,0,0,107,434,95,95,10.5,0,1900,10,0
0.000876,0,0,142,516,103,101,11.3,0,1905,10,0
0.000621,0,0,98,356,74,72,8.4,0,1910,10,0
0.000776,0,0,160,526,87,83,9.7,0,1911,10,0
0.000676,0,0,100,379,78,76,8.8,0,1912,10,0
0.000598,0,0,89,330,68,66,7.8,0,1913,10,0
0.000662,0,0,103,410,84,82,9.4,0,1915,10,0
0.000562,0,0,84,338,71,69,8.1,0,1920,10,0
0.00057,0,0,70,278,59,57,6.9,0,1922,10,0
0.000508,0,0,89,361,79,79,8.9,0,1925,10,0
0.000556,0,0,74,291,64,64,7.4,0,1928,10,0
0.000486,0,0,67,261,57,57,6.7,0,1930,10,0
0.000534,0,0,105,429,95,95,10.5,0,1931,10,0
0.000713,0,0,95,384,85,85,9.5,0,1933,10,0
0.000684,0,0,114,458,103,103,11.3,0,1935,10,0
0.000649,0,0,100,395,89,89,9.9,0,1938,10,0
0.000712,0,0,123,487,112,112,12.2,0,1940,10,0
0.001027,0,0,317,803,125,120,13.5,0,1945,10,0
0.000936,0,0,236,645,110,105,12,0,1950,10,0
0.000751,0,0,190,599,114,107,12.4,0,1955,10,0
0.000675,0,0,112,390,83,79,9.3,0,1960,10,0
0.000748,0,0,128,495,106,104,11.6,0,1961,10,0
0.000704,0,0,112,440,95,93,10.5,0,1965,10,0
0.000559,0,0,82,322,69,67,7.9,0,1969,10,0
0.000558,0,0,82,320,70,68,8,0,1970,10,0
0.000583,0,0,77,301,65,63,7.5,0,1971,10,0
0.000402,0,0,54,210,44,44,5.4,0,1974,10,0
0.000459,0,0,99,377,74,74,8.4,0,1975,10,0
0.004736,1,1,3179,4172,78,52,8.8,1,1979,10,0
0.010903,1,2,6583,8793,110,85,12,1,1980,10,0
0.006358,1,2,4064,5642,96,73,10.6,1,1983,10,0
0.00451,1,2,2916,4256,89,67,9.9,1,1985,10,0
0.004352,0,0,2687,3769,126,80,13.6,0,1986,10,0
0.003402,1,2,2236,3323,84,66,9.4,1,1989,10,0
0.002494,0,0,1579,2461,143,105,15.3,0,1990,10,0
0.002288,1,2,1075,1940,134,122,14.4,1,1995,10,0
0.001069,0,0,355,944,151,133,16.1,0,2000,10,0
0.001338,1,2,374,981,124,119,13.4,1,2002,10,0
0.000773,0,0,150,624,132,130,14.2,0,2005,10,0
0.000756,0,0,120,509,110,110,12,0,2008,10,0
0.000646,0,0,127,546,117,117,12.7,0,2010,10,0
0.000665,0,0,103,441,93,93,10.3,0,2014,10,0
0.000765,0,0,118,505,108,108,11.8,0,2015,10,0
0.000754,0,0,115,488,105,104,11.5,0,2020,10,0
0.00154,1,2,610,1311,103,102,11.3,1,2025,10,0
0.000709,0,0,105,431,95,94,10.5,0,2026,10,0
0.001377,1,2,432,945,73,73,8.3,1,2029,10,0
0.000588,0,0,99,399,89,89,9.9,0,2030,10,0
0.000694,1,2,123,452,75,75,8.5,1,2035,10,0
0.000594,0,0,108,423,93,93,10.3,0,2040,10,0
0.00059,0,0,100,392,90,90,10,0,2045,10,0
0.000605,0,0,80,313,70,70,8,0,2049,10,0
0.000639,0,0,165,506,92,89,10.2,0,2050,10,0
0.000592,0,0,125,387,72,69,8.2,0,2054,10,0
0.000583,0,0,119,365,68,65,7.8,0,2055,10,0
0.000574,0,0,136,453,89,86,9.9,0,2056,10,0
0.000564,0,0,104,350,71,68,8.1,0,2059,10,0
0.000668,0,0,132,484,102,99,11.2,0,2060,10,0
0.002184,1,2,972,1581,80,77,9,1,2064,10,0
0.001616,0,0,794,1366,129,108,13.9,0,2065,10,0
0.000684,0,0,104,412,94,94,10.4,0,2070,10,0
0.003825,1,2,2346,3306,115,107,12.5,1,2075,10,0
0.000674,0,0,95,381,85,85,9.5,0,2079,10,0
0.002535,1,2,1303,2061,108,105,11.8,1,2080,10,0
0.000674,0,0,114,468,104,104,11.4,0,2085,10,0
0.001148,1,2,407,911,93,93,10.3,1,2090,10,0
0.000621,0,0,84,333,74,74,8.4,0,2093,10,0
0.001946,2,4,987,1745,86,84,9.6,2,2095,10,0
0.001023,1,2,352,768,67,65,7.7,1,2098,10,0
0.001174,2,4,432,897,58,56,6.8,2,2100,10,0
0.000804,1,2,238,590,64,62,7.4,1,2101,10,0
0.001111,2,4,333,749,59,57,6.9,2,2102,10,0
0.000634,1,2,149,404,47,45,5.7,1,2104,10,0
0.005311,2,4,3022,4267,80,78,9,2,2105,10,0
0.000634,0,0,105,417,84,82,9.4,0,2110,10,0
0.002006,1,2,977,1581,69,69,7.9,1,2112,10,0
0.001768,0,0,897,1380,88,67,9.8,0,2113,10,0
0.000552,0,0,111,444,94,94,10.4,0,2115,10,0
0.000677,0,0,100,406,87,87,9.7,0,2117,10,0
0.000689,0,0,137,567,124,124,13.4,0,2120,10,0
0.000783,0,0,148,616,135,135,14.5,0,2125,10,0
0.000931,0,0,196,821,170,170,18,0,2130,10,0
0.001013,0,0,211,900,197,197,20.7,0,2135,10,0
0.001182,0,0,219,935,205,205,21.5,0,2140,10,0
0.00125,0,0,199,850,185,185,19.5,0,2145,10,0
0.001261,0,0,173,732,161,161,17.1,0,2148,10,0
0.001095,0,0,194,819,184,184,19.4,0,2150,10,0
0.001128,0,0,226,907,190,188,20,0,2155,10,0
0.001051,0,0,200,823,186,184,19.6,0,2160,10,0
0.000978,0,0,182,753,172,172,18.2,0,2165,10,0
0.000883,0,0,153,631,143,143,15.3,0,2170,10,0
0.00098,0,0,155,638,145,144,15.5,0,2175,10,0
0.000923,0,0,227,724,128,126,13.8,0,2180,10,0
0.000775,0,0,200,649,112,110,12.2,0,2185,10,0
0.000775,0,0,171,536,90,88,10,0,2187,10,0
0.000592,0,0,116,435,81,79,9.1,0,2190,10,0
0.000746,0,0,202,567,78,74,8.8,0,2191,10,0
0.000525,0,0,80,317,70,70,8,0,2192,10,0
0.000629,0,0,162,517,90,86,10,0,2195,10,0
0.00051,0,0,94,379,84,84,9.4,0,2200,10,0
0.000644,0,0,105,380,79,75,8.9,0,2202,10,0
0.002127,1,2,1081,1937,94,90,10.4,1,2205,10,0
0.001179,1,2,383,956,73,71,8.3,1,2209,10,0
0.00177,1,2,733,1425,90,88,10,1,2210,10,0
0.001166,1,2,288,808,81,79,9.1,1,2212,10,0
0.001269,1,2,479,1090,103,101,11.3,1,2215,10,0
0.000987,1,2,208,721,115,113,12.5,1,2220,10,0
0.001149,1,2,184,584,94,92,10.4,1,2223,10,0
0.000869,1,2,154,597,115,113,12.5,1,2225,10,0
0.000778,0,0,111,453,100,100,11,0,2227,10,0
0.00061,0,0,97,397,87,87,9.7,0,2230,10,0
0.000726,0,0,171,555,102,100,11.2,0,2231,10,0
0.000714,0,0,103,424,93,93,10.3,0,2232,10,0
0.000608,0,0,117,489,107,107,11.7,0,2235,10,0
0.00128,1,2,460,1055,104,102,11.4,1,2240,10,0
0.001154,1,2,330,862,105,103,11.5,1,2245,10,0
0.00082,1,2,154,522,82,80,9.2,1,2248,10,0
0.000796,1,2,168,523,76,74,8.6,1,2249,10,0
0.000757,1,2,129,480,83,81,9.3,1,2250,10,0
0.000687,1,2,100,372,66,66,7.6,1,2253,10,0
0.000473,0,0,80,321,70,70,8,0,2255,10,0
0.002028,1,2,1099,1787,66,66,7.6,1,2260,10,0
0.000422,0,0,61,234,50,50,6,0,2263,10,0
0.000391,0,0,62,240,52,52,6.2,0,2265,10,0
0.000368,0,0,73,285,63,63,7.3,0,2270,10,0
0.000393,0,0,54,203,44,44,5.4,0,2274,10,0
0.000463,0,0,94,382,84,84,9.4,0,2275,10,0
0.000539,0,0,80,316,70,70,8,0,2278,10,0
0.00057,0,0,101,409,90,90,10,0,2280,10,0
0.003562,1,2,2100,3202,104,96,11.4,1,2285,10,0
0.000833,0,0,282,693,112,102,12.2,0,2290,10,0
0.002483,1,2,1376,2220,90,82,10,1,2294,10,0
0.000739,0,0,180,602,108,101,11.8,0,2295,10,0
0.001135,0,0,460,997,111,101,12.1,0,2300,10,0
0.000605,0,0,90,353,79,77,8.9,0,2304,10,0
0.000741,0,0,197,612,111,102,12.1,0,2305,10,0
0.003412,1,2,1784,2659,96,94,10.6,1,2310,10,0
0.000647,0,0,119,437,84,82,9.4,0,2312,10,0
0.003761,3,6,2057,3532,99,95,10.9,3,2315,10,0
0.002116,0,0,1114,1817,122,87,13.2,0,2316,10,0
0.001154,1,2,436,977,95,93,10.5,1,2320,10,0
0.00091,0,0,308,767,113,99,12.3,0,2325,10,0
0.000941,1,2,175,543,85,83,9.5,1,2328,10,0
0.0007,0,0,171,556,110,101,12,0,2330,10,0
0.000697,0,0,129,457,95,93,10.5,0,2335,10,0
0.000546,0,0,92,330,71,69,8.1,0,2339,10,0
0.000545,0,0,97,370,79,77,8.9,0,2340,10,0
0.000516,0,0,85,330,72,70,8.2,0,2345,10,0
0.00043,0,0,58,231,48,48,5.8,0,2348,10,0
0.000403,0,0,81,333,71,71,8.1,0,2350,10,0
0.0005,0,0,74,303,64,64,7.4,0,2351,10,0
0.000465,0,0,69,281,59,59,6.9,0,2352,10,0
0.000515,0,0,65,262,55,55,6.5,0,2353,10,0
0.000568,0,0,93,391,83,83,9.3,0,2355,10,0
0.001392,1,2,824,1520,90,88,10,1,2360,10,0
0.001263,2,4,436,1078,98,96,10.8,2,2365,10,0
0.001218,1,2,407,894,92,90,10.2,1,2366,10,0
0.000648,0,0,113,439,94,92,10.4,0,2370,10,0
0.000538,0,0,77,299,67,67,7.7,0,2375,10,0
0.000485,0,0,82,321,72,72,8.2,0,2376,10,0
0.000413,0,0,64,244,54,54,6.4,0,2379,10,0
0.007699,1,2,4850,6176,96,94,10.6,1,2380,10,0
0.004819,1,2,3071,4093,80,78,9,1,2383,10,0
0.005408,1,2,3305,4430,92,90,10.2,1,2385,10,0
0.003523,1,2,2179,3087,82,80,9.2,1,2387,10,0
0.003842,1,2,2330,3237,73,71,8.3,1,2389,10,0
0.002738,1,2,1663,2576,115,113,12.5,1,2390,10,0
0.002762,1,2,1617,2494,101,99,11.1,1,2393,10,0
0.002656,2,4,1325,2789,150,148,16,2,2395,10,0
0.000878,0,0,219,871,174,172,18.4,0,2400,10,0
0.002132,2,4,601,1987,190,188,20,2,2405,10,0
0.001162,0,0,205,804,167,165,17.7,0,2410,10,0
0.001211,1,2,273,1035,160,156,17,1,2415,10,0
0.003085,1,2,1536,2802,165,161,17.5,1,2420,10,0
0.002205,2,4,1087,2276,150,150,16,2,2425,10,0
0.001805,1,2,673,1484,121,121,13.1,1,2429,10,0
0.002253,2,4,729,1804,154,153,16.4,2,2430,10,0
0.002439,2,4,946,2202,143,141,15.3,2,2435,10,0
0.00375,3,6,1768,3110,109,107,11.9,3,2440,10,0
0.001255,1,2,436,1071,85,74,9.5,1,2444,10,0
0.00217,2,4,1005,1845,94,92,10.4,2,2445,10,0
0.001207,1,2,311,883,87,85,9.7,1,2446,10,0
0.001203,1,2,459,985,80,71,9,1,2448,10,0
0.000691,0,0,169,560,100,93,11,0,2450,10,0
0.000524,0,0,88,346,78,77,8.8,0,2453,10,0
0.000615,0,0,112,452,102,102,11.2,0,2455,10,0
0.000566,0,0,88,342,78,78,8.8,0,2460,10,0
0.000581,0,0,115,455,104,104,11.4,0,2461,10,0
0.00064,0,0,96,374,85,85,9.5,0,2464,10,0
0.000674,0,0,113,450,102,102,11.2,0,2465,10,0
0.000588,0,0,88,340,77,77,8.7,0,2469,10,0
0.000522,0,0,143,551,110,110,12,0,2470,10,0
0.003208,1,2,2016,3137,101,101,11.1,1,2475,10,0
0.000626,0,0,113,436,81,81,9.1,0,2478,10,0
0.002695,1,2,1420,2327,94,94,10.4,1,2480,10,0
0.002906,1,2,1502,2607,94,88,10.4,1,2485,10,0
0.000491,0,0,85,352,75,75,8.5,0,2487,10,0
0.000422,0,0,90,371,80,80,9,0,2490,10,0
0.000532,0,0,81,326,71,71,8.1,0,2492,10,0
0.00047,0,0,86,340,76,76,8.6,0,2495,10,0
0.000283,0,0,35,118,25,25,3.5,0,2505,10,0
0.000254,0,0,29,90,19,19,2.9,0,2506,10,0
0.000189,0,0,20,54,10,10,2,0,2511,10,0
